2026-08-21 00:00:00.246  INFO --- [MessageBroker-2] c.f.scheduler.HashtagSyncScheduler       : Hashtag catalog sync completed
2026-08-21 00:00:39.918  INFO --- [nio-8080-exec-6] com.fsocial.config.AppConfig             : Request URI: /api/v1/ai/ai
2026-08-21 00:01:21.385  INFO --- [nio-8080-exec-6] com.fsocial.config.AppConfig             : [DEBUG-AUTH] principal=01a0160a-c71d-7ae0-893d-5f259580e598, authorities=[ROLE_USER]
2026-08-21 00:01:25.480  INFO --- [nio-8080-exec-8] com.fsocial.config.AppConfig             : Request URI: /api/v1/notification
2026-08-21 00:01:25.565  INFO --- [nio-8080-exec-4] com.fsocial.config.AppConfig             : Request URI: /api/v1/notification/un-read
2026-08-21 00:01:25.568  INFO --- [nio-8080-exec-1] com.fsocial.config.AppConfig             : Request URI: /api/v1/profile
2026-08-21 00:01:25.723  INFO --- [nio-8080-exec-4] com.fsocial.config.AppConfig             : [DEBUG-AUTH] principal=01a0160a-c71d-7ae0-893d-5f259580e598, authorities=[ROLE_USER]
2026-08-21 00:01:25.934  INFO --- [nio-8080-exec-8] com.fsocial.config.AppConfig             : [DEBUG-AUTH] principal=01a0160a-c71d-7ae0-893d-5f259580e598, authorities=[ROLE_USER]
2026-08-21 00:01:26.090  INFO --- [nio-8080-exec-1] com.fsocial.config.AppConfig             : [DEBUG-AUTH] principal=01a0160a-c71d-7ae0-893d-5f259580e598, authorities=[ROLE_USER]
2026-08-21 00:01:26.188  INFO --- [nio-8080-exec-2] com.fsocial.config.AppConfig             : Request URI: /api/v1/ws
2026-08-21 00:01:26.191  INFO --- [nio-8080-exec-2] com.fsocial.config.AppConfig             : [DEBUG-AUTH] principal=anonymousUser, authorities=[ROLE_ANONYMOUS]
2026-08-21 00:01:26.191  INFO --- [nio-8080-exec-9] com.fsocial.config.AppConfig             : Request URI: /api/v1/actions
2026-08-21 00:01:27.361  INFO --- [nio-8080-exec-9] c.fsocial.services.impl.PostServiceImpl  : Lấy bài viết thành công, count=2
2026-08-21 00:01:27.361  INFO --- [nio-8080-exec-9] com.fsocial.controller.PostController    : Lấy thông tin bài viết thành công
2026-08-21 00:01:27.363  INFO --- [nio-8080-exec-9] com.fsocial.config.AppConfig             : [DEBUG-AUTH] principal=01a0160a-c71d-7ae0-893d-5f259580e598, authorities=[ROLE_USER]
2026-08-21 00:01:27.485  INFO --- [nio-8080-exec-6] com.fsocial.config.AppConfig             : Request URI: /api/v1/actions
2026-08-21 00:01:28.701  INFO --- [nio-8080-exec-6] c.fsocial.services.impl.PostServiceImpl  : Lấy bài viết thành công, count=2
2026-08-21 00:01:28.702  INFO --- [nio-8080-exec-6] com.fsocial.controller.PostController    : Lấy thông tin bài viết thành công
2026-08-21 00:01:28.703  INFO --- [nio-8080-exec-6] com.fsocial.config.AppConfig             : [DEBUG-AUTH] principal=01a0160a-c71d-7ae0-893d-5f259580e598, authorities=[ROLE_USER]
2026-08-21 00:01:32.607  INFO --- [nio-8080-exec-4] com.fsocial.config.AppConfig             : Request URI: /api/v1/ai/ai
2026-08-21 00:01:42.543  INFO --- [nio-8080-exec-4] com.fsocial.config.AppConfig             : [DEBUG-AUTH] principal=01a0160a-c71d-7ae0-893d-5f259580e598, authorities=[ROLE_USER]
2026-08-21 00:02:22.965  INFO --- [nio-8080-exec-2] com.fsocial.config.AppConfig             : Request URI: /api/v1/notification
2026-08-21 00:02:23.019  INFO --- [nio-8080-exec-3] com.fsocial.config.AppConfig             : Request URI: /api/v1/notification/un-read
2026-08-21 00:02:23.019  INFO --- [nio-8080-exec-5] com.fsocial.config.AppConfig             : Request URI: /api/v1/profile
2026-08-21 00:02:23.173  INFO --- [nio-8080-exec-3] com.fsocial.config.AppConfig             : [DEBUG-AUTH] principal=01a0160a-c71d-7ae0-893d-5f259580e598, authorities=[ROLE_USER]
2026-08-21 00:02:23.404  INFO --- [nio-8080-exec-2] com.fsocial.config.AppConfig             : [DEBUG-AUTH] principal=01a0160a-c71d-7ae0-893d-5f259580e598, authorities=[ROLE_USER]
2026-08-21 00:02:23.536  INFO --- [nio-8080-exec-5] com.fsocial.config.AppConfig             : [DEBUG-AUTH] principal=01a0160a-c71d-7ae0-893d-5f259580e598, authorities=[ROLE_USER]
2026-08-21 00:02:23.719  INFO --- [nio-8080-exec-7] com.fsocial.config.AppConfig             : Request URI: /api/v1/actions
2026-08-21 00:02:23.722  INFO --- [nio-8080-exec-9] com.fsocial.config.AppConfig             : Request URI: /api/v1/ws
2026-08-21 00:02:23.724  INFO --- [nio-8080-exec-9] com.fsocial.config.AppConfig             : [DEBUG-AUTH] principal=anonymousUser, authorities=[ROLE_ANONYMOUS]
2026-08-21 00:02:24.837  INFO --- [nio-8080-exec-7] c.fsocial.services.impl.PostServiceImpl  : Lấy bài viết thành công, count=2
2026-08-21 00:02:24.837  INFO --- [nio-8080-exec-7] com.fsocial.controller.PostController    : Lấy thông tin bài viết thành công
2026-08-21 00:02:24.839  INFO --- [nio-8080-exec-7] com.fsocial.config.AppConfig             : [DEBUG-AUTH] principal=01a0160a-c71d-7ae0-893d-5f259580e598, authorities=[ROLE_USER]
2026-08-21 00:02:24.965  INFO --- [nio-8080-exec-8] com.fsocial.config.AppConfig             : Request URI: /api/v1/actions
2026-08-21 00:02:26.065  INFO --- [nio-8080-exec-8] c.fsocial.services.impl.PostServiceImpl  : Lấy bài viết thành công, count=2
2026-08-21 00:02:26.065  INFO --- [nio-8080-exec-8] com.fsocial.controller.PostController    : Lấy thông tin bài viết thành công
2026-08-21 00:02:26.066  INFO --- [nio-8080-exec-8] com.fsocial.config.AppConfig             : [DEBUG-AUTH] principal=01a0160a-c71d-7ae0-893d-5f259580e598, authorities=[ROLE_USER]
2026-08-21 00:18:50.502  INFO --- [ntContainer#0-2] o.s.a.r.l.SimpleMessageListenerContainer : Waiting for workers to finish.
2026-08-21 00:18:50.603  INFO --- [ntContainer#1-2] o.s.a.r.l.SimpleMessageListenerContainer : Waiting for workers to finish.
2026-08-21 00:18:50.742  INFO --- [ntContainer#2-2] o.s.a.r.l.SimpleMessageListenerContainer : Waiting for workers to finish.
2026-08-21 00:18:50.797  INFO --- [ntContainer#1-2] o.s.a.r.l.SimpleMessageListenerContainer : Successfully waited for workers to finish.
2026-08-21 00:18:50.844  INFO --- [ntContainer#3-2] o.s.a.r.l.SimpleMessageListenerContainer : Waiting for workers to finish.
2026-08-21 00:18:51.092  INFO --- [ntContainer#4-2] o.s.a.r.l.SimpleMessageListenerContainer : Waiting for workers to finish.
2026-08-21 00:18:51.204  INFO --- [ntContainer#0-2] o.s.a.r.l.SimpleMessageListenerContainer : Successfully waited for workers to finish.
2026-08-21 00:18:51.246  INFO --- [ntContainer#4-2] o.s.a.r.l.SimpleMessageListenerContainer : Successfully waited for workers to finish.
2026-08-21 00:18:51.249  INFO --- [ntContainer#2-2] o.s.a.r.l.SimpleMessageListenerContainer : Successfully waited for workers to finish.
2026-08-21 00:18:51.561  INFO --- [ntContainer#3-2] o.s.a.r.l.SimpleMessageListenerContainer : Successfully waited for workers to finish.
2026-08-21 00:18:51.564  INFO --- [ionShutdownHook] o.s.b.w.e.tomcat.GracefulShutdown        : Commencing graceful shutdown. Waiting for active requests to complete
2026-08-21 00:18:51.567  INFO --- [tomcat-shutdown] o.s.b.w.e.tomcat.GracefulShutdown        : Graceful shutdown complete
2026-08-21 00:18:51.589  INFO --- [ionShutdownHook] o.s.m.s.b.SimpleBrokerMessageHandler     : Stopping...
2026-08-21 00:18:51.589  INFO --- [ionShutdownHook] o.s.m.s.b.SimpleBrokerMessageHandler     : BrokerAvailabilityEvent[available=false, SimpleBrokerMessageHandler [org.springframework.messaging.simp.broker.DefaultSubscriptionRegistry@4c0637f]]
2026-08-21 00:18:51.589  INFO --- [ionShutdownHook] o.s.m.s.b.SimpleBrokerMessageHandler     : Stopped.
2026-08-21 00:18:52.002  INFO --- [ionShutdownHook] j.LocalContainerEntityManagerFactoryBean : Closing JPA EntityManagerFactory for persistence unit 'default'
2026-08-21 00:18:52.009  INFO --- [ionShutdownHook] com.zaxxer.hikari.HikariDataSource       : HikariPool-1 - Shutdown initiated...
2026-08-21 00:18:52.749  INFO --- [ionShutdownHook] com.zaxxer.hikari.HikariDataSource       : HikariPool-1 - Shutdown completed.
2026-08-21 00:20:39.588  INFO --- [  restartedMain] com.fsocial.PostServiceApplication       : Starting PostServiceApplication using Java 21.0.11 with PID 138479 (/home/cangngo/workspace/Fsocial/fsocial_backend/target/classes started by cangngo in /home/cangngo/workspace/Fsocial/fsocial_backend)
2026-08-21 00:20:39.589 DEBUG --- [  restartedMain] com.fsocial.PostServiceApplication       : Running with Spring Boot v3.4.1, Spring v6.2.1
2026-08-21 00:20:39.590  INFO --- [  restartedMain] com.fsocial.PostServiceApplication       : The following 1 profile is active: "dev"
2026-08-21 00:20:39.637  INFO --- [  restartedMain] o.s.b.devtools.restart.ChangeableUrls    : The Class-Path manifest attribute in /home/cangngo/.m2/repository/io/github/cdimascio/java-dotenv/5.2.2/java-dotenv-5.2.2.jar referenced one or more files that do not exist: file:/home/cangngo/.m2/repository/io/github/cdimascio/java-dotenv/5.2.2/kotlin-stdlib-1.4.0.jar,file:/home/cangngo/.m2/repository/io/github/cdimascio/java-dotenv/5.2.2/kotlin-stdlib-common-1.4.0.jar,file:/home/cangngo/.m2/repository/io/github/cdimascio/java-dotenv/5.2.2/annotations-13.0.jar
2026-08-21 00:20:39.638  INFO --- [  restartedMain] .e.DevToolsPropertyDefaultsPostProcessor : Devtools property defaults active! Set 'spring.devtools.add-properties' to 'false' to disable
2026-08-21 00:20:39.642  INFO --- [  restartedMain] .e.DevToolsPropertyDefaultsPostProcessor : For additional web related logging consider setting the 'logging.level.web' property to 'DEBUG'
2026-08-21 00:20:40.970  INFO --- [  restartedMain] .s.d.r.c.RepositoryConfigurationDelegate : Multiple Spring Data modules found, entering strict repository configuration mode
2026-08-21 00:20:40.971  INFO --- [  restartedMain] .s.d.r.c.RepositoryConfigurationDelegate : Bootstrapping Spring Data JPA repositories in DEFAULT mode.
2026-08-21 00:20:41.259  INFO --- [  restartedMain] .s.d.r.c.RepositoryConfigurationDelegate : Finished Spring Data repository scanning in 280 ms. Found 28 JPA repository interfaces.
2026-08-21 00:20:41.278  INFO --- [  restartedMain] .s.d.r.c.RepositoryConfigurationDelegate : Multiple Spring Data modules found, entering strict repository configuration mode
2026-08-21 00:20:41.280  INFO --- [  restartedMain] .s.d.r.c.RepositoryConfigurationDelegate : Bootstrapping Spring Data Redis repositories in DEFAULT mode.
2026-08-21 00:20:41.304  INFO --- [  restartedMain] .RepositoryConfigurationExtensionSupport : Spring Data Redis - Could not safely identify store assignment for repository candidate interface com.fsocial.repository.AccountRepository; If you want this repository to be a Redis repository, consider annotating your entities with one of these annotations: org.springframework.data.redis.core.RedisHash (preferred), or consider extending one of the following types with your repository: org.springframework.data.keyvalue.repository.KeyValueRepository
2026-08-21 00:20:41.304  INFO --- [  restartedMain] .RepositoryConfigurationExtensionSupport : Spring Data Redis - Could not safely identify store assignment for repository candidate interface com.fsocial.repository.AttachmentsRepository; If you want this repository to be a Redis repository, consider annotating your entities with one of these annotations: org.springframework.data.redis.core.RedisHash (preferred), or consider extending one of the following types with your repository: org.springframework.data.keyvalue.repository.KeyValueRepository
2026-08-21 00:20:41.305  INFO --- [  restartedMain] .RepositoryConfigurationExtensionSupport : Spring Data Redis - Could not safely identify store assignment for repository candidate interface com.fsocial.repository.AuthProviderRepository; If you want this repository to be a Redis repository, consider annotating your entities with one of these annotations: org.springframework.data.redis.core.RedisHash (preferred), or consider extending one of the following types with your repository: org.springframework.data.keyvalue.repository.KeyValueRepository
2026-08-21 00:20:41.306  INFO --- [  restartedMain] .RepositoryConfigurationExtensionSupport : Spring Data Redis - Could not safely identify store assignment for repository candidate interface com.fsocial.repository.CommentLikeRepository; If you want this repository to be a Redis repository, consider annotating your entities with one of these annotations: org.springframework.data.redis.core.RedisHash (preferred), or consider extending one of the following types with your repository: org.springframework.data.keyvalue.repository.KeyValueRepository
2026-08-21 00:20:41.306  INFO --- [  restartedMain] .RepositoryConfigurationExtensionSupport : Spring Data Redis - Could not safely identify store assignment for repository candidate interface com.fsocial.repository.CommentRepository; If you want this repository to be a Redis repository, consider annotating your entities with one of these annotations: org.springframework.data.redis.core.RedisHash (preferred), or consider extending one of the following types with your repository: org.springframework.data.keyvalue.repository.KeyValueRepository
2026-08-21 00:20:41.306  INFO --- [  restartedMain] .RepositoryConfigurationExtensionSupport : Spring Data Redis - Could not safely identify store assignment for repository candidate interface com.fsocial.repository.ComplaintRepository; If you want this repository to be a Redis repository, consider annotating your entities with one of these annotations: org.springframework.data.redis.core.RedisHash (preferred), or consider extending one of the following types with your repository: org.springframework.data.keyvalue.repository.KeyValueRepository
2026-08-21 00:20:41.307  INFO --- [  restartedMain] .RepositoryConfigurationExtensionSupport : Spring Data Redis - Could not safely identify store assignment for repository candidate interface com.fsocial.repository.ConversationMemberRepository; If you want this repository to be a Redis repository, consider annotating your entities with one of these annotations: org.springframework.data.redis.core.RedisHash (preferred), or consider extending one of the following types with your repository: org.springframework.data.keyvalue.repository.KeyValueRepository
2026-08-21 00:20:41.308  INFO --- [  restartedMain] .RepositoryConfigurationExtensionSupport : Spring Data Redis - Could not safely identify store assignment for repository candidate interface com.fsocial.repository.ConversationRepository; If you want this repository to be a Redis repository, consider annotating your entities with one of these annotations: org.springframework.data.redis.core.RedisHash (preferred), or consider extending one of the following types with your repository: org.springframework.data.keyvalue.repository.KeyValueRepository
2026-08-21 00:20:41.308  INFO --- [  restartedMain] .RepositoryConfigurationExtensionSupport : Spring Data Redis - Could not safely identify store assignment for repository candidate interface com.fsocial.repository.DeviceTokenRepository; If you want this repository to be a Redis repository, consider annotating your entities with one of these annotations: org.springframework.data.redis.core.RedisHash (preferred), or consider extending one of the following types with your repository: org.springframework.data.keyvalue.repository.KeyValueRepository
2026-08-21 00:20:41.309  INFO --- [  restartedMain] .RepositoryConfigurationExtensionSupport : Spring Data Redis - Could not safely identify store assignment for repository candidate interface com.fsocial.repository.FaqRatingRepository; If you want this repository to be a Redis repository, consider annotating your entities with one of these annotations: org.springframework.data.redis.core.RedisHash (preferred), or consider extending one of the following types with your repository: org.springframework.data.keyvalue.repository.KeyValueRepository
2026-08-21 00:20:41.309  INFO --- [  restartedMain] .RepositoryConfigurationExtensionSupport : Spring Data Redis - Could not safely identify store assignment for repository candidate interface com.fsocial.repository.FaqRepository; If you want this repository to be a Redis repository, consider annotating your entities with one of these annotations: org.springframework.data.redis.core.RedisHash (preferred), or consider extending one of the following types with your repository: org.springframework.data.keyvalue.repository.KeyValueRepository
2026-08-21 00:20:41.310  INFO --- [  restartedMain] .RepositoryConfigurationExtensionSupport : Spring Data Redis - Could not safely identify store assignment for repository candidate interface com.fsocial.repository.FaqViewRepository; If you want this repository to be a Redis repository, consider annotating your entities with one of these annotations: org.springframework.data.redis.core.RedisHash (preferred), or consider extending one of the following types with your repository: org.springframework.data.keyvalue.repository.KeyValueRepository
2026-08-21 00:20:41.310  INFO --- [  restartedMain] .RepositoryConfigurationExtensionSupport : Spring Data Redis - Could not safely identify store assignment for repository candidate interface com.fsocial.repository.FollowRepository; If you want this repository to be a Redis repository, consider annotating your entities with one of these annotations: org.springframework.data.redis.core.RedisHash (preferred), or consider extending one of the following types with your repository: org.springframework.data.keyvalue.repository.KeyValueRepository
2026-08-21 00:20:41.310  INFO --- [  restartedMain] .RepositoryConfigurationExtensionSupport : Spring Data Redis - Could not safely identify store assignment for repository candidate interface com.fsocial.repository.HashtagRepository; If you want this repository to be a Redis repository, consider annotating your entities with one of these annotations: org.springframework.data.redis.core.RedisHash (preferred), or consider extending one of the following types with your repository: org.springframework.data.keyvalue.repository.KeyValueRepository
2026-08-21 00:20:41.311  INFO --- [  restartedMain] .RepositoryConfigurationExtensionSupport : Spring Data Redis - Could not safely identify store assignment for repository candidate interface com.fsocial.repository.MessageRepository; If you want this repository to be a Redis repository, consider annotating your entities with one of these annotations: org.springframework.data.redis.core.RedisHash (preferred), or consider extending one of the following types with your repository: org.springframework.data.keyvalue.repository.KeyValueRepository
2026-08-21 00:20:41.311  INFO --- [  restartedMain] .RepositoryConfigurationExtensionSupport : Spring Data Redis - Could not safely identify store assignment for repository candidate interface com.fsocial.repository.NotificationPreferenceRepository; If you want this repository to be a Redis repository, consider annotating your entities with one of these annotations: org.springframework.data.redis.core.RedisHash (preferred), or consider extending one of the following types with your repository: org.springframework.data.keyvalue.repository.KeyValueRepository
2026-08-21 00:20:41.311  INFO --- [  restartedMain] .RepositoryConfigurationExtensionSupport : Spring Data Redis - Could not safely identify store assignment for repository candidate interface com.fsocial.repository.NotificationRepository; If you want this repository to be a Redis repository, consider annotating your entities with one of these annotations: org.springframework.data.redis.core.RedisHash (preferred), or consider extending one of the following types with your repository: org.springframework.data.keyvalue.repository.KeyValueRepository
2026-08-21 00:20:41.311  INFO --- [  restartedMain] .RepositoryConfigurationExtensionSupport : Spring Data Redis - Could not safely identify store assignment for repository candidate interface com.fsocial.repository.NotificationTemplateRepository; If you want this repository to be a Redis repository, consider annotating your entities with one of these annotations: org.springframework.data.redis.core.RedisHash (preferred), or consider extending one of the following types with your repository: org.springframework.data.keyvalue.repository.KeyValueRepository
2026-08-21 00:20:41.311  INFO --- [  restartedMain] .RepositoryConfigurationExtensionSupport : Spring Data Redis - Could not safely identify store assignment for repository candidate interface com.fsocial.repository.PermissionRepository; If you want this repository to be a Redis repository, consider annotating your entities with one of these annotations: org.springframework.data.redis.core.RedisHash (preferred), or consider extending one of the following types with your repository: org.springframework.data.keyvalue.repository.KeyValueRepository
2026-08-21 00:20:41.312  INFO --- [  restartedMain] .RepositoryConfigurationExtensionSupport : Spring Data Redis - Could not safely identify store assignment for repository candidate interface com.fsocial.repository.PostLikeRepository; If you want this repository to be a Redis repository, consider annotating your entities with one of these annotations: org.springframework.data.redis.core.RedisHash (preferred), or consider extending one of the following types with your repository: org.springframework.data.keyvalue.repository.KeyValueRepository
2026-08-21 00:20:41.312  INFO --- [  restartedMain] .RepositoryConfigurationExtensionSupport : Spring Data Redis - Could not safely identify store assignment for repository candidate interface com.fsocial.repository.PostRepository; If you want this repository to be a Redis repository, consider annotating your entities with one of these annotations: org.springframework.data.redis.core.RedisHash (preferred), or consider extending one of the following types with your repository: org.springframework.data.keyvalue.repository.KeyValueRepository
2026-08-21 00:20:41.313  INFO --- [  restartedMain] .RepositoryConfigurationExtensionSupport : Spring Data Redis - Could not safely identify store assignment for repository candidate interface com.fsocial.repository.RefreshTokenRepository; If you want this repository to be a Redis repository, consider annotating your entities with one of these annotations: org.springframework.data.redis.core.RedisHash (preferred), or consider extending one of the following types with your repository: org.springframework.data.keyvalue.repository.KeyValueRepository
2026-08-21 00:20:41.313  INFO --- [  restartedMain] .RepositoryConfigurationExtensionSupport : Spring Data Redis - Could not safely identify store assignment for repository candidate interface com.fsocial.repository.RoleRepository; If you want this repository to be a Redis repository, consider annotating your entities with one of these annotations: org.springframework.data.redis.core.RedisHash (preferred), or consider extending one of the following types with your repository: org.springframework.data.keyvalue.repository.KeyValueRepository
2026-08-21 00:20:41.313  INFO --- [  restartedMain] .RepositoryConfigurationExtensionSupport : Spring Data Redis - Could not safely identify store assignment for repository candidate interface com.fsocial.repository.SeenPostRepository; If you want this repository to be a Redis repository, consider annotating your entities with one of these annotations: org.springframework.data.redis.core.RedisHash (preferred), or consider extending one of the following types with your repository: org.springframework.data.keyvalue.repository.KeyValueRepository
2026-08-21 00:20:41.313  INFO --- [  restartedMain] .RepositoryConfigurationExtensionSupport : Spring Data Redis - Could not safely identify store assignment for repository candidate interface com.fsocial.repository.TermOfServicesRepository; If you want this repository to be a Redis repository, consider annotating your entities with one of these annotations: org.springframework.data.redis.core.RedisHash (preferred), or consider extending one of the following types with your repository: org.springframework.data.keyvalue.repository.KeyValueRepository
2026-08-21 00:20:41.313  INFO --- [  restartedMain] .RepositoryConfigurationExtensionSupport : Spring Data Redis - Could not safely identify store assignment for repository candidate interface com.fsocial.repository.TermRepository; If you want this repository to be a Redis repository, consider annotating your entities with one of these annotations: org.springframework.data.redis.core.RedisHash (preferred), or consider extending one of the following types with your repository: org.springframework.data.keyvalue.repository.KeyValueRepository
2026-08-21 00:20:41.314  INFO --- [  restartedMain] .RepositoryConfigurationExtensionSupport : Spring Data Redis - Could not safely identify store assignment for repository candidate interface com.fsocial.repository.TokenRepository; If you want this repository to be a Redis repository, consider annotating your entities with one of these annotations: org.springframework.data.redis.core.RedisHash (preferred), or consider extending one of the following types with your repository: org.springframework.data.keyvalue.repository.KeyValueRepository
2026-08-21 00:20:41.314  INFO --- [  restartedMain] .RepositoryConfigurationExtensionSupport : Spring Data Redis - Could not safely identify store assignment for repository candidate interface com.fsocial.repository.UserInterestRepository; If you want this repository to be a Redis repository, consider annotating your entities with one of these annotations: org.springframework.data.redis.core.RedisHash (preferred), or consider extending one of the following types with your repository: org.springframework.data.keyvalue.repository.KeyValueRepository
2026-08-21 00:20:41.314  INFO --- [  restartedMain] .s.d.r.c.RepositoryConfigurationDelegate : Finished Spring Data repository scanning in 21 ms. Found 0 Redis repository interfaces.
2026-08-21 00:20:42.088  INFO --- [  restartedMain] o.s.b.w.embedded.tomcat.TomcatWebServer  : Tomcat initialized with port 8080 (http)
2026-08-21 00:20:42.098  INFO --- [  restartedMain] o.a.coyote.http11.Http11NioProtocol      : Initializing ProtocolHandler ["http-nio-8080"]
2026-08-21 00:20:42.100  INFO --- [  restartedMain] o.apache.catalina.core.StandardService   : Starting service [Tomcat]
2026-08-21 00:20:42.101  INFO --- [  restartedMain] o.apache.catalina.core.StandardEngine    : Starting Servlet engine: [Apache Tomcat/10.1.34]
2026-08-21 00:20:42.141  INFO --- [  restartedMain] o.a.c.c.C.[.[localhost].[/api/v1]        : Initializing Spring embedded WebApplicationContext
2026-08-21 00:20:42.141  INFO --- [  restartedMain] w.s.c.ServletWebServerApplicationContext : Root WebApplicationContext: initialization completed in 2497 ms
2026-08-21 00:20:42.261 DEBUG --- [  restartedMain] com.fsocial.config.AppConfig$1           : Filter 'loggingFilter' configured for use
2026-08-21 00:20:42.428  INFO --- [  restartedMain] com.zaxxer.hikari.HikariDataSource       : HikariPool-1 - Starting...
2026-08-21 00:20:44.821  INFO --- [  restartedMain] com.zaxxer.hikari.pool.HikariPool        : HikariPool-1 - Added connection org.postgresql.jdbc.PgConnection@61db6d0c
2026-08-21 00:20:44.822  INFO --- [  restartedMain] com.zaxxer.hikari.HikariDataSource       : HikariPool-1 - Start completed.
2026-08-21 00:20:44.914  INFO --- [  restartedMain] org.flywaydb.core.FlywayExecutor         : Database: jdbc:postgresql://flowzone-flowzone.f.aivencloud.com:16025/defaultdb?sslmode=require (PostgreSQL 18.6)
2026-08-21 00:20:45.488  WARN --- [  restartedMain] o.f.c.internal.database.base.Database    : Flyway upgrade recommended: PostgreSQL 18.6 is newer than this version of Flyway and support has not been tested. The latest supported version of PostgreSQL is 17.
2026-08-21 00:20:45.885  INFO --- [  restartedMain] o.f.core.internal.command.DbValidate     : Successfully validated 14 migrations (execution time 00:00.314s)
2026-08-21 00:20:46.813  INFO --- [  restartedMain] o.f.core.internal.command.DbMigrate      : Current version of schema "public": 14
2026-08-21 00:20:46.884  INFO --- [  restartedMain] o.f.core.internal.command.DbMigrate      : Schema "public" is up to date. No migration necessary.
2026-08-21 00:20:47.797  INFO --- [  restartedMain] o.s.o.j.p.SpringPersistenceUnitInfo      : No LoadTimeWeaver setup: ignoring JPA class transformer
2026-08-21 00:20:49.866  INFO --- [  restartedMain] j.LocalContainerEntityManagerFactoryBean : Initialized JPA EntityManagerFactory for persistence unit 'default'
2026-08-21 00:20:50.089  INFO --- [  restartedMain] o.s.d.j.r.query.QueryEnhancerFactory     : Hibernate is in classpath; If applicable, HQL parser will be used.
2026-08-21 00:20:51.167  INFO --- [  restartedMain] com.fsocial.config.RedisConfig           : Configuring Redis connection to redis-12966.c295.ap-southeast-1-1.ec2.cloud.redislabs.com: 12966
2026-08-21 00:20:51.169  INFO --- [  restartedMain] com.fsocial.config.RedisConfig           : Redis username is default
2026-08-21 00:20:51.194  INFO --- [  restartedMain] com.fsocial.config.RedisConfig           : ✅ Redis connection factory created successfully (lazy connection)
2026-08-21 00:20:51.369  INFO --- [  restartedMain] com.fsocial.config.RedisConfig           : 🔧 Creating StringRedisTemplate bean
2026-08-21 00:20:51.412  INFO --- [  restartedMain] com.fsocial.config.RedisConfig           : ✅ StringRedisTemplate bean created successfully
2026-08-21 00:20:52.508  WARN --- [  restartedMain] ConfigServletWebServerApplicationContext : Exception encountered during context initialization - cancelling refresh attempt: org.springframework.beans.factory.UnsatisfiedDependencyException: Error creating bean with name 'AIChatController' defined in file [/home/cangngo/workspace/Fsocial/fsocial_backend/target/classes/com/fsocial/controller/AIChatController.class]: Unsatisfied dependency expressed through constructor parameter 0: Error creating bean with name 'AIChatServiceImpl' defined in file [/home/cangngo/workspace/Fsocial/fsocial_backend/target/classes/com/fsocial/services/impl/AIChatServiceImpl.class]: null
2026-08-21 00:20:52.519  INFO --- [  restartedMain] j.LocalContainerEntityManagerFactoryBean : Closing JPA EntityManagerFactory for persistence unit 'default'
2026-08-21 00:20:52.522  INFO --- [  restartedMain] com.zaxxer.hikari.HikariDataSource       : HikariPool-1 - Shutdown initiated...
2026-08-21 00:20:53.241  INFO --- [  restartedMain] com.zaxxer.hikari.HikariDataSource       : HikariPool-1 - Shutdown completed.
2026-08-21 00:20:53.244  INFO --- [  restartedMain] o.apache.catalina.core.StandardService   : Stopping service [Tomcat]
2026-08-21 00:20:53.254  INFO --- [  restartedMain] .s.b.a.l.ConditionEvaluationReportLogger : 

Error starting ApplicationContext. To display the condition evaluation report re-run your application with 'debug' enabled.
2026-08-21 00:20:53.266 ERROR --- [  restartedMain] o.s.boot.SpringApplication               : Application run failed
org.springframework.beans.factory.UnsatisfiedDependencyException: Error creating bean with name 'AIChatController' defined in file [/home/cangngo/workspace/Fsocial/fsocial_backend/target/classes/com/fsocial/controller/AIChatController.class]: Unsatisfied dependency expressed through constructor parameter 0: Error creating bean with name 'AIChatServiceImpl' defined in file [/home/cangngo/workspace/Fsocial/fsocial_backend/target/classes/com/fsocial/services/impl/AIChatServiceImpl.class]: null
	at org.springframework.beans.factory.support.ConstructorResolver.createArgumentArray(ConstructorResolver.java:804)
	at org.springframework.beans.factory.support.ConstructorResolver.autowireConstructor(ConstructorResolver.java:240)
	at org.springframework.beans.factory.support.AbstractAutowireCapableBeanFactory.autowireConstructor(AbstractAutowireCapableBeanFactory.java:1377)
	at org.springframework.beans.factory.support.AbstractAutowireCapableBeanFactory.createBeanInstance(AbstractAutowireCapableBeanFactory.java:1214)
	at org.springframework.beans.factory.support.AbstractAutowireCapableBeanFactory.doCreateBean(AbstractAutowireCapableBeanFactory.java:563)
	at org.springframework.beans.factory.support.AbstractAutowireCapableBeanFactory.createBean(AbstractAutowireCapableBeanFactory.java:523)
	at org.springframework.beans.factory.support.AbstractBeanFactory.lambda$doGetBean$0(AbstractBeanFactory.java:336)
	at org.springframework.beans.factory.support.DefaultSingletonBeanRegistry.getSingleton(DefaultSingletonBeanRegistry.java:289)
	at org.springframework.beans.factory.support.AbstractBeanFactory.doGetBean(AbstractBeanFactory.java:334)
	at org.springframework.beans.factory.support.AbstractBeanFactory.getBean(AbstractBeanFactory.java:199)
	at org.springframework.beans.factory.support.DefaultListableBeanFactory.instantiateSingleton(DefaultListableBeanFactory.java:1122)
	at org.springframework.beans.factory.support.DefaultListableBeanFactory.preInstantiateSingleton(DefaultListableBeanFactory.java:1093)
	at org.springframework.beans.factory.support.DefaultListableBeanFactory.preInstantiateSingletons(DefaultListableBeanFactory.java:1030)
	at org.springframework.context.support.AbstractApplicationContext.finishBeanFactoryInitialization(AbstractApplicationContext.java:987)
	at org.springframework.context.support.AbstractApplicationContext.refresh(AbstractApplicationContext.java:627)
	at org.springframework.boot.web.servlet.context.ServletWebServerApplicationContext.refresh(ServletWebServerApplicationContext.java:146)
	at org.springframework.boot.SpringApplication.refresh(SpringApplication.java:752)
	at org.springframework.boot.SpringApplication.refreshContext(SpringApplication.java:439)
	at org.springframework.boot.SpringApplication.run(SpringApplication.java:318)
	at org.springframework.boot.SpringApplication.run(SpringApplication.java:1361)
	at org.springframework.boot.SpringApplication.run(SpringApplication.java:1350)
	at com.fsocial.PostServiceApplication.main(PostServiceApplication.java:20)
	at java.base/jdk.internal.reflect.DirectMethodHandleAccessor.invoke(DirectMethodHandleAccessor.java:103)
	at java.base/java.lang.reflect.Method.invoke(Method.java:580)
	at org.springframework.boot.devtools.restart.RestartLauncher.run(RestartLauncher.java:50)
Caused by: org.springframework.beans.factory.BeanCreationException: Error creating bean with name 'AIChatServiceImpl' defined in file [/home/cangngo/workspace/Fsocial/fsocial_backend/target/classes/com/fsocial/services/impl/AIChatServiceImpl.class]: null
	at org.springframework.beans.factory.support.ConstructorResolver.instantiate(ConstructorResolver.java:321)
	at org.springframework.beans.factory.support.ConstructorResolver.autowireConstructor(ConstructorResolver.java:309)
	at org.springframework.beans.factory.support.AbstractAutowireCapableBeanFactory.autowireConstructor(AbstractAutowireCapableBeanFactory.java:1377)
	at org.springframework.beans.factory.support.AbstractAutowireCapableBeanFactory.createBeanInstance(AbstractAutowireCapableBeanFactory.java:1214)
	at org.springframework.beans.factory.support.AbstractAutowireCapableBeanFactory.doCreateBean(AbstractAutowireCapableBeanFactory.java:563)
	at org.springframework.beans.factory.support.AbstractAutowireCapableBeanFactory.createBean(AbstractAutowireCapableBeanFactory.java:523)
	at org.springframework.beans.factory.support.AbstractBeanFactory.lambda$doGetBean$0(AbstractBeanFactory.java:336)
	at org.springframework.beans.factory.support.DefaultSingletonBeanRegistry.getSingleton(DefaultSingletonBeanRegistry.java:289)
	at org.springframework.beans.factory.support.AbstractBeanFactory.doGetBean(AbstractBeanFactory.java:334)
	at org.springframework.beans.factory.support.AbstractBeanFactory.getBean(AbstractBeanFactory.java:199)
	at org.springframework.beans.factory.config.DependencyDescriptor.resolveCandidate(DependencyDescriptor.java:254)
	at org.springframework.beans.factory.support.DefaultListableBeanFactory.doResolveDependency(DefaultListableBeanFactory.java:1631)
	at org.springframework.beans.factory.support.DefaultListableBeanFactory.resolveDependency(DefaultListableBeanFactory.java:1519)
	at org.springframework.beans.factory.support.ConstructorResolver.resolveAutowiredArgument(ConstructorResolver.java:913)
	at org.springframework.beans.factory.support.ConstructorResolver.createArgumentArray(ConstructorResolver.java:791)
	... 24 common frames omitted
Caused by: java.lang.ExceptionInInitializerError: null
	at java.base/jdk.internal.misc.Unsafe.ensureClassInitialized0(Native Method)
	at java.base/jdk.internal.misc.Unsafe.ensureClassInitialized(Unsafe.java:1160)
	at java.base/jdk.internal.reflect.MethodHandleAccessorFactory.ensureClassInitialized(MethodHandleAccessorFactory.java:301)
	at java.base/jdk.internal.reflect.MethodHandleAccessorFactory.newConstructorAccessor(MethodHandleAccessorFactory.java:104)
	at java.base/jdk.internal.reflect.ReflectionFactory.newConstructorAccessor(ReflectionFactory.java:200)
	at java.base/java.lang.reflect.Constructor.acquireConstructorAccessor(Constructor.java:549)
	at java.base/java.lang.reflect.Constructor.newInstanceWithCaller(Constructor.java:499)
	at java.base/java.lang.reflect.Constructor.newInstance(Constructor.java:486)
	at org.springframework.beans.BeanUtils.instantiateClass(BeanUtils.java:209)
	at org.springframework.beans.factory.support.SimpleInstantiationStrategy.instantiate(SimpleInstantiationStrategy.java:145)
	at org.springframework.beans.factory.support.ConstructorResolver.instantiate(ConstructorResolver.java:318)
	... 38 common frames omitted
Caused by: java.lang.IllegalArgumentException: duplicate element: khoan
	at java.base/java.util.ImmutableCollections$SetN.<init>(ImmutableCollections.java:925)
	at java.base/java.util.Set.of(Set.java:706)
	at com.fsocial.services.impl.AIChatServiceImpl.<clinit>(AIChatServiceImpl.java:32)
	... 49 common frames omitted
2026-08-21 00:24:36.947  INFO --- [  restartedMain] com.fsocial.PostServiceApplication       : Starting PostServiceApplication using Java 21.0.11 with PID 142845 (/home/cangngo/workspace/Fsocial/fsocial_backend/target/classes started by cangngo in /home/cangngo/workspace/Fsocial/fsocial_backend)
2026-08-21 00:24:36.948 DEBUG --- [  restartedMain] com.fsocial.PostServiceApplication       : Running with Spring Boot v3.4.1, Spring v6.2.1
2026-08-21 00:24:36.949  INFO --- [  restartedMain] com.fsocial.PostServiceApplication       : The following 1 profile is active: "dev"
2026-08-21 00:24:36.989  INFO --- [  restartedMain] o.s.b.devtools.restart.ChangeableUrls    : The Class-Path manifest attribute in /home/cangngo/.m2/repository/io/github/cdimascio/java-dotenv/5.2.2/java-dotenv-5.2.2.jar referenced one or more files that do not exist: file:/home/cangngo/.m2/repository/io/github/cdimascio/java-dotenv/5.2.2/kotlin-stdlib-1.4.0.jar,file:/home/cangngo/.m2/repository/io/github/cdimascio/java-dotenv/5.2.2/kotlin-stdlib-common-1.4.0.jar,file:/home/cangngo/.m2/repository/io/github/cdimascio/java-dotenv/5.2.2/annotations-13.0.jar
2026-08-21 00:24:36.989  INFO --- [  restartedMain] .e.DevToolsPropertyDefaultsPostProcessor : Devtools property defaults active! Set 'spring.devtools.add-properties' to 'false' to disable
2026-08-21 00:24:36.989  INFO --- [  restartedMain] .e.DevToolsPropertyDefaultsPostProcessor : For additional web related logging consider setting the 'logging.level.web' property to 'DEBUG'
2026-08-21 00:24:37.945  INFO --- [  restartedMain] .s.d.r.c.RepositoryConfigurationDelegate : Multiple Spring Data modules found, entering strict repository configuration mode
2026-08-21 00:24:37.946  INFO --- [  restartedMain] .s.d.r.c.RepositoryConfigurationDelegate : Bootstrapping Spring Data JPA repositories in DEFAULT mode.
2026-08-21 00:24:38.202  INFO --- [  restartedMain] .s.d.r.c.RepositoryConfigurationDelegate : Finished Spring Data repository scanning in 249 ms. Found 28 JPA repository interfaces.
2026-08-21 00:24:38.215  INFO --- [  restartedMain] .s.d.r.c.RepositoryConfigurationDelegate : Multiple Spring Data modules found, entering strict repository configuration mode
2026-08-21 00:24:38.216  INFO --- [  restartedMain] .s.d.r.c.RepositoryConfigurationDelegate : Bootstrapping Spring Data Redis repositories in DEFAULT mode.
2026-08-21 00:24:38.233  INFO --- [  restartedMain] .RepositoryConfigurationExtensionSupport : Spring Data Redis - Could not safely identify store assignment for repository candidate interface com.fsocial.repository.AccountRepository; If you want this repository to be a Redis repository, consider annotating your entities with one of these annotations: org.springframework.data.redis.core.RedisHash (preferred), or consider extending one of the following types with your repository: org.springframework.data.keyvalue.repository.KeyValueRepository
2026-08-21 00:24:38.234  INFO --- [  restartedMain] .RepositoryConfigurationExtensionSupport : Spring Data Redis - Could not safely identify store assignment for repository candidate interface com.fsocial.repository.AttachmentsRepository; If you want this repository to be a Redis repository, consider annotating your entities with one of these annotations: org.springframework.data.redis.core.RedisHash (preferred), or consider extending one of the following types with your repository: org.springframework.data.keyvalue.repository.KeyValueRepository
2026-08-21 00:24:38.234  INFO --- [  restartedMain] .RepositoryConfigurationExtensionSupport : Spring Data Redis - Could not safely identify store assignment for repository candidate interface com.fsocial.repository.AuthProviderRepository; If you want this repository to be a Redis repository, consider annotating your entities with one of these annotations: org.springframework.data.redis.core.RedisHash (preferred), or consider extending one of the following types with your repository: org.springframework.data.keyvalue.repository.KeyValueRepository
2026-08-21 00:24:38.235  INFO --- [  restartedMain] .RepositoryConfigurationExtensionSupport : Spring Data Redis - Could not safely identify store assignment for repository candidate interface com.fsocial.repository.CommentLikeRepository; If you want this repository to be a Redis repository, consider annotating your entities with one of these annotations: org.springframework.data.redis.core.RedisHash (preferred), or consider extending one of the following types with your repository: org.springframework.data.keyvalue.repository.KeyValueRepository
2026-08-21 00:24:38.235  INFO --- [  restartedMain] .RepositoryConfigurationExtensionSupport : Spring Data Redis - Could not safely identify store assignment for repository candidate interface com.fsocial.repository.CommentRepository; If you want this repository to be a Redis repository, consider annotating your entities with one of these annotations: org.springframework.data.redis.core.RedisHash (preferred), or consider extending one of the following types with your repository: org.springframework.data.keyvalue.repository.KeyValueRepository
2026-08-21 00:24:38.236  INFO --- [  restartedMain] .RepositoryConfigurationExtensionSupport : Spring Data Redis - Could not safely identify store assignment for repository candidate interface com.fsocial.repository.ComplaintRepository; If you want this repository to be a Redis repository, consider annotating your entities with one of these annotations: org.springframework.data.redis.core.RedisHash (preferred), or consider extending one of the following types with your repository: org.springframework.data.keyvalue.repository.KeyValueRepository
2026-08-21 00:24:38.237  INFO --- [  restartedMain] .RepositoryConfigurationExtensionSupport : Spring Data Redis - Could not safely identify store assignment for repository candidate interface com.fsocial.repository.ConversationMemberRepository; If you want this repository to be a Redis repository, consider annotating your entities with one of these annotations: org.springframework.data.redis.core.RedisHash (preferred), or consider extending one of the following types with your repository: org.springframework.data.keyvalue.repository.KeyValueRepository
2026-08-21 00:24:38.237  INFO --- [  restartedMain] .RepositoryConfigurationExtensionSupport : Spring Data Redis - Could not safely identify store assignment for repository candidate interface com.fsocial.repository.ConversationRepository; If you want this repository to be a Redis repository, consider annotating your entities with one of these annotations: org.springframework.data.redis.core.RedisHash (preferred), or consider extending one of the following types with your repository: org.springframework.data.keyvalue.repository.KeyValueRepository
2026-08-21 00:24:38.237  INFO --- [  restartedMain] .RepositoryConfigurationExtensionSupport : Spring Data Redis - Could not safely identify store assignment for repository candidate interface com.fsocial.repository.DeviceTokenRepository; If you want this repository to be a Redis repository, consider annotating your entities with one of these annotations: org.springframework.data.redis.core.RedisHash (preferred), or consider extending one of the following types with your repository: org.springframework.data.keyvalue.repository.KeyValueRepository
2026-08-21 00:24:38.238  INFO --- [  restartedMain] .RepositoryConfigurationExtensionSupport : Spring Data Redis - Could not safely identify store assignment for repository candidate interface com.fsocial.repository.FaqRatingRepository; If you want this repository to be a Redis repository, consider annotating your entities with one of these annotations: org.springframework.data.redis.core.RedisHash (preferred), or consider extending one of the following types with your repository: org.springframework.data.keyvalue.repository.KeyValueRepository
2026-08-21 00:24:38.239  INFO --- [  restartedMain] .RepositoryConfigurationExtensionSupport : Spring Data Redis - Could not safely identify store assignment for repository candidate interface com.fsocial.repository.FaqRepository; If you want this repository to be a Redis repository, consider annotating your entities with one of these annotations: org.springframework.data.redis.core.RedisHash (preferred), or consider extending one of the following types with your repository: org.springframework.data.keyvalue.repository.KeyValueRepository
2026-08-21 00:24:38.239  INFO --- [  restartedMain] .RepositoryConfigurationExtensionSupport : Spring Data Redis - Could not safely identify store assignment for repository candidate interface com.fsocial.repository.FaqViewRepository; If you want this repository to be a Redis repository, consider annotating your entities with one of these annotations: org.springframework.data.redis.core.RedisHash (preferred), or consider extending one of the following types with your repository: org.springframework.data.keyvalue.repository.KeyValueRepository
2026-08-21 00:24:38.239  INFO --- [  restartedMain] .RepositoryConfigurationExtensionSupport : Spring Data Redis - Could not safely identify store assignment for repository candidate interface com.fsocial.repository.FollowRepository; If you want this repository to be a Redis repository, consider annotating your entities with one of these annotations: org.springframework.data.redis.core.RedisHash (preferred), or consider extending one of the following types with your repository: org.springframework.data.keyvalue.repository.KeyValueRepository
2026-08-21 00:24:38.240  INFO --- [  restartedMain] .RepositoryConfigurationExtensionSupport : Spring Data Redis - Could not safely identify store assignment for repository candidate interface com.fsocial.repository.HashtagRepository; If you want this repository to be a Redis repository, consider annotating your entities with one of these annotations: org.springframework.data.redis.core.RedisHash (preferred), or consider extending one of the following types with your repository: org.springframework.data.keyvalue.repository.KeyValueRepository
2026-08-21 00:24:38.240  INFO --- [  restartedMain] .RepositoryConfigurationExtensionSupport : Spring Data Redis - Could not safely identify store assignment for repository candidate interface com.fsocial.repository.MessageRepository; If you want this repository to be a Redis repository, consider annotating your entities with one of these annotations: org.springframework.data.redis.core.RedisHash (preferred), or consider extending one of the following types with your repository: org.springframework.data.keyvalue.repository.KeyValueRepository
2026-08-21 00:24:38.240  INFO --- [  restartedMain] .RepositoryConfigurationExtensionSupport : Spring Data Redis - Could not safely identify store assignment for repository candidate interface com.fsocial.repository.NotificationPreferenceRepository; If you want this repository to be a Redis repository, consider annotating your entities with one of these annotations: org.springframework.data.redis.core.RedisHash (preferred), or consider extending one of the following types with your repository: org.springframework.data.keyvalue.repository.KeyValueRepository
2026-08-21 00:24:38.240  INFO --- [  restartedMain] .RepositoryConfigurationExtensionSupport : Spring Data Redis - Could not safely identify store assignment for repository candidate interface com.fsocial.repository.NotificationRepository; If you want this repository to be a Redis repository, consider annotating your entities with one of these annotations: org.springframework.data.redis.core.RedisHash (preferred), or consider extending one of the following types with your repository: org.springframework.data.keyvalue.repository.KeyValueRepository
2026-08-21 00:24:38.241  INFO --- [  restartedMain] .RepositoryConfigurationExtensionSupport : Spring Data Redis - Could not safely identify store assignment for repository candidate interface com.fsocial.repository.NotificationTemplateRepository; If you want this repository to be a Redis repository, consider annotating your entities with one of these annotations: org.springframework.data.redis.core.RedisHash (preferred), or consider extending one of the following types with your repository: org.springframework.data.keyvalue.repository.KeyValueRepository
2026-08-21 00:24:38.241  INFO --- [  restartedMain] .RepositoryConfigurationExtensionSupport : Spring Data Redis - Could not safely identify store assignment for repository candidate interface com.fsocial.repository.PermissionRepository; If you want this repository to be a Redis repository, consider annotating your entities with one of these annotations: org.springframework.data.redis.core.RedisHash (preferred), or consider extending one of the following types with your repository: org.springframework.data.keyvalue.repository.KeyValueRepository
2026-08-21 00:24:38.241  INFO --- [  restartedMain] .RepositoryConfigurationExtensionSupport : Spring Data Redis - Could not safely identify store assignment for repository candidate interface com.fsocial.repository.PostLikeRepository; If you want this repository to be a Redis repository, consider annotating your entities with one of these annotations: org.springframework.data.redis.core.RedisHash (preferred), or consider extending one of the following types with your repository: org.springframework.data.keyvalue.repository.KeyValueRepository
2026-08-21 00:24:38.241  INFO --- [  restartedMain] .RepositoryConfigurationExtensionSupport : Spring Data Redis - Could not safely identify store assignment for repository candidate interface com.fsocial.repository.PostRepository; If you want this repository to be a Redis repository, consider annotating your entities with one of these annotations: org.springframework.data.redis.core.RedisHash (preferred), or consider extending one of the following types with your repository: org.springframework.data.keyvalue.repository.KeyValueRepository
2026-08-21 00:24:38.242  INFO --- [  restartedMain] .RepositoryConfigurationExtensionSupport : Spring Data Redis - Could not safely identify store assignment for repository candidate interface com.fsocial.repository.RefreshTokenRepository; If you want this repository to be a Redis repository, consider annotating your entities with one of these annotations: org.springframework.data.redis.core.RedisHash (preferred), or consider extending one of the following types with your repository: org.springframework.data.keyvalue.repository.KeyValueRepository
2026-08-21 00:24:38.242  INFO --- [  restartedMain] .RepositoryConfigurationExtensionSupport : Spring Data Redis - Could not safely identify store assignment for repository candidate interface com.fsocial.repository.RoleRepository; If you want this repository to be a Redis repository, consider annotating your entities with one of these annotations: org.springframework.data.redis.core.RedisHash (preferred), or consider extending one of the following types with your repository: org.springframework.data.keyvalue.repository.KeyValueRepository
2026-08-21 00:24:38.242  INFO --- [  restartedMain] .RepositoryConfigurationExtensionSupport : Spring Data Redis - Could not safely identify store assignment for repository candidate interface com.fsocial.repository.SeenPostRepository; If you want this repository to be a Redis repository, consider annotating your entities with one of these annotations: org.springframework.data.redis.core.RedisHash (preferred), or consider extending one of the following types with your repository: org.springframework.data.keyvalue.repository.KeyValueRepository
2026-08-21 00:24:38.243  INFO --- [  restartedMain] .RepositoryConfigurationExtensionSupport : Spring Data Redis - Could not safely identify store assignment for repository candidate interface com.fsocial.repository.TermOfServicesRepository; If you want this repository to be a Redis repository, consider annotating your entities with one of these annotations: org.springframework.data.redis.core.RedisHash (preferred), or consider extending one of the following types with your repository: org.springframework.data.keyvalue.repository.KeyValueRepository
2026-08-21 00:24:38.243  INFO --- [  restartedMain] .RepositoryConfigurationExtensionSupport : Spring Data Redis - Could not safely identify store assignment for repository candidate interface com.fsocial.repository.TermRepository; If you want this repository to be a Redis repository, consider annotating your entities with one of these annotations: org.springframework.data.redis.core.RedisHash (preferred), or consider extending one of the following types with your repository: org.springframework.data.keyvalue.repository.KeyValueRepository
2026-08-21 00:24:38.243  INFO --- [  restartedMain] .RepositoryConfigurationExtensionSupport : Spring Data Redis - Could not safely identify store assignment for repository candidate interface com.fsocial.repository.TokenRepository; If you want this repository to be a Redis repository, consider annotating your entities with one of these annotations: org.springframework.data.redis.core.RedisHash (preferred), or consider extending one of the following types with your repository: org.springframework.data.keyvalue.repository.KeyValueRepository
2026-08-21 00:24:38.243  INFO --- [  restartedMain] .RepositoryConfigurationExtensionSupport : Spring Data Redis - Could not safely identify store assignment for repository candidate interface com.fsocial.repository.UserInterestRepository; If you want this repository to be a Redis repository, consider annotating your entities with one of these annotations: org.springframework.data.redis.core.RedisHash (preferred), or consider extending one of the following types with your repository: org.springframework.data.keyvalue.repository.KeyValueRepository
2026-08-21 00:24:38.244  INFO --- [  restartedMain] .s.d.r.c.RepositoryConfigurationDelegate : Finished Spring Data repository scanning in 20 ms. Found 0 Redis repository interfaces.
2026-08-21 00:24:38.938  INFO --- [  restartedMain] o.s.b.w.embedded.tomcat.TomcatWebServer  : Tomcat initialized with port 8080 (http)
2026-08-21 00:24:38.947  INFO --- [  restartedMain] o.a.coyote.http11.Http11NioProtocol      : Initializing ProtocolHandler ["http-nio-8080"]
2026-08-21 00:24:38.948  INFO --- [  restartedMain] o.apache.catalina.core.StandardService   : Starting service [Tomcat]
2026-08-21 00:24:38.949  INFO --- [  restartedMain] o.apache.catalina.core.StandardEngine    : Starting Servlet engine: [Apache Tomcat/10.1.34]
2026-08-21 00:24:38.986  INFO --- [  restartedMain] o.a.c.c.C.[.[localhost].[/api/v1]        : Initializing Spring embedded WebApplicationContext
2026-08-21 00:24:38.986  INFO --- [  restartedMain] w.s.c.ServletWebServerApplicationContext : Root WebApplicationContext: initialization completed in 1996 ms
2026-08-21 00:24:39.095 DEBUG --- [  restartedMain] com.fsocial.config.AppConfig$1           : Filter 'loggingFilter' configured for use
2026-08-21 00:24:39.247  INFO --- [  restartedMain] com.zaxxer.hikari.HikariDataSource       : HikariPool-1 - Starting...
2026-08-21 00:24:40.125  INFO --- [  restartedMain] com.zaxxer.hikari.pool.HikariPool        : HikariPool-1 - Added connection org.postgresql.jdbc.PgConnection@4d343bfa
2026-08-21 00:24:40.127  INFO --- [  restartedMain] com.zaxxer.hikari.HikariDataSource       : HikariPool-1 - Start completed.
2026-08-21 00:24:40.234  INFO --- [  restartedMain] org.flywaydb.core.FlywayExecutor         : Database: jdbc:postgresql://flowzone-flowzone.f.aivencloud.com:16025/defaultdb?sslmode=require (PostgreSQL 18.6)
2026-08-21 00:24:40.836  WARN --- [  restartedMain] o.f.c.internal.database.base.Database    : Flyway upgrade recommended: PostgreSQL 18.6 is newer than this version of Flyway and support has not been tested. The latest supported version of PostgreSQL is 17.
2026-08-21 00:24:41.251  INFO --- [  restartedMain] o.f.core.internal.command.DbValidate     : Successfully validated 14 migrations (execution time 00:00.328s)
2026-08-21 00:24:42.224  INFO --- [  restartedMain] o.f.core.internal.command.DbMigrate      : Current version of schema "public": 14
2026-08-21 00:24:42.301  INFO --- [  restartedMain] o.f.core.internal.command.DbMigrate      : Schema "public" is up to date. No migration necessary.
2026-08-21 00:24:43.058  INFO --- [  restartedMain] o.s.o.j.p.SpringPersistenceUnitInfo      : No LoadTimeWeaver setup: ignoring JPA class transformer
2026-08-21 00:24:45.103  INFO --- [  restartedMain] j.LocalContainerEntityManagerFactoryBean : Initialized JPA EntityManagerFactory for persistence unit 'default'
2026-08-21 00:24:45.284  INFO --- [  restartedMain] o.s.d.j.r.query.QueryEnhancerFactory     : Hibernate is in classpath; If applicable, HQL parser will be used.
2026-08-21 00:24:46.320  INFO --- [  restartedMain] com.fsocial.config.RedisConfig           : Configuring Redis connection to redis-12966.c295.ap-southeast-1-1.ec2.cloud.redislabs.com: 12966
2026-08-21 00:24:46.321  INFO --- [  restartedMain] com.fsocial.config.RedisConfig           : Redis username is default
2026-08-21 00:24:46.339  INFO --- [  restartedMain] com.fsocial.config.RedisConfig           : ✅ Redis connection factory created successfully (lazy connection)
2026-08-21 00:24:46.499  INFO --- [  restartedMain] com.fsocial.config.RedisConfig           : 🔧 Creating StringRedisTemplate bean
2026-08-21 00:24:46.534  INFO --- [  restartedMain] com.fsocial.config.RedisConfig           : ✅ StringRedisTemplate bean created successfully
2026-08-21 00:24:48.432  INFO --- [  restartedMain] com.fsocial.config.RedisConfig           : 🔧 Creating RedisTemplate bean
2026-08-21 00:24:48.439  INFO --- [  restartedMain] com.fsocial.config.RedisConfig           : ✅ RedisTemplate bean created successfully (lazy connection)
2026-08-21 00:24:49.412  INFO --- [  restartedMain] o.s.a.v.pgvector.PgVectorStore           : Using the vector table name: vector_store. Is empty: false
2026-08-21 00:24:49.415  INFO --- [  restartedMain] o.s.a.v.pgvector.PgVectorStore           : Initializing PGVectorStore schema for table: vector_store in schema: public
2026-08-21 00:24:49.415  INFO --- [  restartedMain] o.s.a.v.pgvector.PgVectorStore           : vectorTableValidationsEnabled false
2026-08-21 00:24:49.607  INFO --- [  restartedMain] o.s.b.d.a.OptionalLiveReloadServer       : LiveReload server is running on port 35729
2026-08-21 00:24:49.670  INFO --- [  restartedMain] o.s.m.s.b.SimpleBrokerMessageHandler     : Starting...
2026-08-21 00:24:49.671  INFO --- [  restartedMain] o.s.m.s.b.SimpleBrokerMessageHandler     : BrokerAvailabilityEvent[available=true, SimpleBrokerMessageHandler [org.springframework.messaging.simp.broker.DefaultSubscriptionRegistry@1a97d6d6]]
2026-08-21 00:24:49.672  INFO --- [  restartedMain] o.s.m.s.b.SimpleBrokerMessageHandler     : Started.
2026-08-21 00:24:49.672  INFO --- [  restartedMain] o.a.coyote.http11.Http11NioProtocol      : Starting ProtocolHandler ["http-nio-8080"]
2026-08-21 00:24:49.684  INFO --- [  restartedMain] o.s.b.w.embedded.tomcat.TomcatWebServer  : Tomcat started on port 8080 (http) with context path '/api/v1'
2026-08-21 00:24:49.687  INFO --- [  restartedMain] o.s.a.r.c.CachingConnectionFactory       : Attempting to connect to: [chameleon.lmq.cloudamqp.com:5671]
2026-08-21 00:24:50.529  INFO --- [  restartedMain] o.s.a.r.c.CachingConnectionFactory       : Created new connection: rabbitConnectionFactory#2d430e8:0/SimpleConnection@3216a446 [delegate=amqp://yvtspcbt@3.115.160.244:5671/yvtspcbt, localPort=55844]
2026-08-21 00:24:54.475  INFO --- [  restartedMain] com.fsocial.PostServiceApplication       : Started PostServiceApplication in 17.947 seconds (process running for 18.646)
2026-08-21 00:25:36.878  INFO --- [nio-8080-exec-1] o.apache.tomcat.util.http.parser.Cookie  : A cookie header was received [g_state={"i_l":0,"i_ll":1787271933973,"i_e":{"enable_itp_optimization":24},"i_et":1787271933973}] that contained an invalid cookie. That cookie will be ignored.
 Note: further occurrences of this error will be logged at DEBUG level.
2026-08-21 00:25:36.883  INFO --- [nio-8080-exec-1] o.a.c.c.C.[.[localhost].[/api/v1]        : Initializing Spring DispatcherServlet 'dispatcherServlet'
2026-08-21 00:25:36.883  INFO --- [nio-8080-exec-1] o.s.web.servlet.DispatcherServlet        : Initializing Servlet 'dispatcherServlet'
2026-08-21 00:25:36.885  INFO --- [nio-8080-exec-1] o.s.web.servlet.DispatcherServlet        : Completed initialization in 2 ms
2026-08-21 00:25:36.909  INFO --- [nio-8080-exec-1] com.fsocial.config.AppConfig             : Request URI: /api/v1/auth/google/login
2026-08-21 00:25:37.260  INFO --- [nio-8080-exec-1] c.f.s.impl.AuthenticationServiceImpl     : Google login for email: flowzone.cs@gmail.com
2026-08-21 00:25:37.635  INFO --- [nio-8080-exec-1] c.fsocial.services.impl.JwtServiceImpl   : [JWT-DEBUG] accountId=01a01ec7-9c72-7bc2-acd1-388accc8f094, username=null, roleObj=com.fsocial.entity.Role@1faaf6cb, roleName=ADMIN, scopeClaim='ADMIN'
2026-08-21 00:25:38.228  INFO --- [nio-8080-exec-1] com.fsocial.config.AppConfig             : [DEBUG-AUTH] principal=anonymousUser, authorities=[ROLE_ANONYMOUS]
2026-08-21 00:25:38.830  INFO --- [nio-8080-exec-2] com.fsocial.config.AppConfig             : Request URI: /api/v1/account/profile
2026-08-21 00:25:39.056  INFO --- [nio-8080-exec-3] com.fsocial.config.AppConfig             : Request URI: /api/v1/complaint
2026-08-21 00:25:39.293  INFO --- [nio-8080-exec-3] com.fsocial.config.AppConfig             : [DEBUG-AUTH] principal=01a01ec7-9c72-7bc2-acd1-388accc8f094, authorities=[ROLE_ADMIN]
2026-08-21 00:25:39.396  INFO --- [nio-8080-exec-2] com.fsocial.config.AppConfig             : [DEBUG-AUTH] principal=01a01ec7-9c72-7bc2-acd1-388accc8f094, authorities=[ROLE_ADMIN]
2026-08-21 00:25:44.231  INFO --- [nio-8080-exec-5] com.fsocial.config.AppConfig             : Request URI: /api/v1/post/faq/type/FAQ
2026-08-21 00:25:44.242  WARN --- [nio-8080-exec-5] .m.m.a.ExceptionHandlerExceptionResolver : Resolved [org.springframework.web.servlet.resource.NoResourceFoundException: No static resource post/faq/type/FAQ.]
2026-08-21 00:25:44.243  INFO --- [nio-8080-exec-5] com.fsocial.config.AppConfig             : [DEBUG-AUTH] principal=01a01ec7-9c72-7bc2-acd1-388accc8f094, authorities=[ROLE_ADMIN]
2026-08-21 00:25:49.626  INFO --- [MessageBroker-1] o.s.w.s.c.WebSocketMessageBrokerStats    : WebSocketSession[0 current WS(0)-HttpStream(0)-HttpPoll(0), 0 total, 0 closed abnormally (0 connect failure, 0 send limit, 0 transport error)], stompSubProtocol[processed CONNECT(0)-CONNECTED(0)-DISCONNECT(0)], stompBrokerRelay[null], inboundChannel[pool size = 0, active threads = 0, queued tasks = 0, completed tasks = 0], outboundChannel[pool size = 0, active threads = 0, queued tasks = 0, completed tasks = 0], sockJsScheduler[pool size = 4, active threads = 1, queued tasks = 3, completed tasks = 0]
2026-08-21 00:27:51.317  INFO --- [nio-8080-exec-9] com.fsocial.config.AppConfig             : Request URI: /api/v1/post/faq
2026-08-21 00:27:51.322  WARN --- [nio-8080-exec-9] .m.m.a.ExceptionHandlerExceptionResolver : Resolved [org.springframework.web.servlet.resource.NoResourceFoundException: No static resource post/faq.]
2026-08-21 00:27:51.323  INFO --- [nio-8080-exec-9] com.fsocial.config.AppConfig             : [DEBUG-AUTH] principal=01a01ec7-9c72-7bc2-acd1-388accc8f094, authorities=[ROLE_ADMIN]
2026-08-21 00:29:26.468  INFO --- [nio-8080-exec-3] com.fsocial.config.AppConfig             : Request URI: /api/v1/faq
2026-08-21 00:29:26.942  INFO --- [nio-8080-exec-3] com.fsocial.config.AppConfig             : [DEBUG-AUTH] principal=01a01ec7-9c72-7bc2-acd1-388accc8f094, authorities=[ROLE_ADMIN]
2026-08-21 00:29:27.382  INFO --- [nio-8080-exec-2] com.fsocial.config.AppConfig             : Request URI: /api/v1/notification
2026-08-21 00:29:27.452  INFO --- [nio-8080-exec-4] com.fsocial.config.AppConfig             : Request URI: /api/v1/notification/un-read
2026-08-21 00:29:27.457  INFO --- [nio-8080-exec-5] com.fsocial.config.AppConfig             : Request URI: /api/v1/profile
2026-08-21 00:29:27.615  INFO --- [nio-8080-exec-4] com.fsocial.config.AppConfig             : [DEBUG-AUTH] principal=01a01ec7-9c72-7bc2-acd1-388accc8f094, authorities=[ROLE_ADMIN]
2026-08-21 00:29:27.626  INFO --- [nio-8080-exec-2] com.fsocial.config.AppConfig             : [DEBUG-AUTH] principal=01a01ec7-9c72-7bc2-acd1-388accc8f094, authorities=[ROLE_ADMIN]
2026-08-21 00:29:28.008  INFO --- [nio-8080-exec-5] com.fsocial.config.AppConfig             : [DEBUG-AUTH] principal=01a01ec7-9c72-7bc2-acd1-388accc8f094, authorities=[ROLE_ADMIN]
2026-08-21 00:29:28.133  INFO --- [nio-8080-exec-7] com.fsocial.config.AppConfig             : Request URI: /api/v1/ws
2026-08-21 00:29:28.140  INFO --- [nio-8080-exec-8] com.fsocial.config.AppConfig             : Request URI: /api/v1/actions
2026-08-21 00:29:28.153  INFO --- [nio-8080-exec-7] com.fsocial.config.AppConfig             : [DEBUG-AUTH] principal=anonymousUser, authorities=[ROLE_ANONYMOUS]
2026-08-21 00:29:29.396  INFO --- [nio-8080-exec-8] c.fsocial.services.impl.PostServiceImpl  : Lấy bài viết thành công, count=2
2026-08-21 00:29:29.396  INFO --- [nio-8080-exec-8] com.fsocial.controller.PostController    : Lấy thông tin bài viết thành công
2026-08-21 00:29:29.405  INFO --- [nio-8080-exec-8] com.fsocial.config.AppConfig             : [DEBUG-AUTH] principal=01a01ec7-9c72-7bc2-acd1-388accc8f094, authorities=[ROLE_ADMIN]
2026-08-21 00:29:29.489  INFO --- [nio-8080-exec-3] com.fsocial.config.AppConfig             : Request URI: /api/v1/actions
2026-08-21 00:29:30.739  INFO --- [nio-8080-exec-3] c.fsocial.services.impl.PostServiceImpl  : Lấy bài viết thành công, count=2
2026-08-21 00:29:30.739  INFO --- [nio-8080-exec-3] com.fsocial.controller.PostController    : Lấy thông tin bài viết thành công
2026-08-21 00:29:30.740  INFO --- [nio-8080-exec-3] com.fsocial.config.AppConfig             : [DEBUG-AUTH] principal=01a01ec7-9c72-7bc2-acd1-388accc8f094, authorities=[ROLE_ADMIN]
2026-08-21 00:32:40.747  INFO --- [nio-8080-exec-2] com.fsocial.config.AppConfig             : Request URI: /api/v1/notification
2026-08-21 00:32:40.754  INFO --- [nio-8080-exec-5] com.fsocial.config.AppConfig             : Request URI: /api/v1/profile
2026-08-21 00:32:40.754  INFO --- [nio-8080-exec-6] com.fsocial.config.AppConfig             : Request URI: /api/v1/notification/un-read
2026-08-21 00:32:40.907  INFO --- [nio-8080-exec-6] com.fsocial.config.AppConfig             : [DEBUG-AUTH] principal=01a01ec7-9c72-7bc2-acd1-388accc8f094, authorities=[ROLE_ADMIN]
2026-08-21 00:32:40.979  INFO --- [nio-8080-exec-2] com.fsocial.config.AppConfig             : [DEBUG-AUTH] principal=01a01ec7-9c72-7bc2-acd1-388accc8f094, authorities=[ROLE_ADMIN]
2026-08-21 00:32:41.285  INFO --- [nio-8080-exec-5] com.fsocial.config.AppConfig             : [DEBUG-AUTH] principal=01a01ec7-9c72-7bc2-acd1-388accc8f094, authorities=[ROLE_ADMIN]
2026-08-21 00:32:41.364  INFO --- [nio-8080-exec-7] com.fsocial.config.AppConfig             : Request URI: /api/v1/actions
2026-08-21 00:32:41.365  INFO --- [nio-8080-exec-9] com.fsocial.config.AppConfig             : Request URI: /api/v1/ws
2026-08-21 00:32:41.368  INFO --- [nio-8080-exec-9] com.fsocial.config.AppConfig             : [DEBUG-AUTH] principal=anonymousUser, authorities=[ROLE_ANONYMOUS]
2026-08-21 00:32:42.501  INFO --- [nio-8080-exec-7] c.fsocial.services.impl.PostServiceImpl  : Lấy bài viết thành công, count=2
2026-08-21 00:32:42.502  INFO --- [nio-8080-exec-7] com.fsocial.controller.PostController    : Lấy thông tin bài viết thành công
2026-08-21 00:32:42.505  INFO --- [nio-8080-exec-7] com.fsocial.config.AppConfig             : [DEBUG-AUTH] principal=01a01ec7-9c72-7bc2-acd1-388accc8f094, authorities=[ROLE_ADMIN]
2026-08-21 00:32:42.607  INFO --- [nio-8080-exec-3] com.fsocial.config.AppConfig             : Request URI: /api/v1/actions
2026-08-21 00:32:43.779  INFO --- [nio-8080-exec-3] c.fsocial.services.impl.PostServiceImpl  : Lấy bài viết thành công, count=2
2026-08-21 00:32:43.779  INFO --- [nio-8080-exec-3] com.fsocial.controller.PostController    : Lấy thông tin bài viết thành công
2026-08-21 00:32:43.781  INFO --- [nio-8080-exec-3] com.fsocial.config.AppConfig             : [DEBUG-AUTH] principal=01a01ec7-9c72-7bc2-acd1-388accc8f094, authorities=[ROLE_ADMIN]
2026-08-21 00:33:29.330  INFO --- [nio-8080-exec-2] com.fsocial.config.AppConfig             : Request URI: /api/v1/notification
2026-08-21 00:33:29.390  INFO --- [nio-8080-exec-9] com.fsocial.config.AppConfig             : Request URI: /api/v1/profile
2026-08-21 00:33:29.390  INFO --- [nio-8080-exec-5] com.fsocial.config.AppConfig             : Request URI: /api/v1/notification/un-read
2026-08-21 00:33:29.543  INFO --- [nio-8080-exec-5] com.fsocial.config.AppConfig             : [DEBUG-AUTH] principal=01a01ec7-9c72-7bc2-acd1-388accc8f094, authorities=[ROLE_ADMIN]
2026-08-21 00:33:29.571  INFO --- [nio-8080-exec-2] com.fsocial.config.AppConfig             : [DEBUG-AUTH] principal=01a01ec7-9c72-7bc2-acd1-388accc8f094, authorities=[ROLE_ADMIN]
2026-08-21 00:33:29.896  INFO --- [nio-8080-exec-9] com.fsocial.config.AppConfig             : [DEBUG-AUTH] principal=01a01ec7-9c72-7bc2-acd1-388accc8f094, authorities=[ROLE_ADMIN]
2026-08-21 00:33:30.010  INFO --- [io-8080-exec-10] com.fsocial.config.AppConfig             : Request URI: /api/v1/actions
2026-08-21 00:33:30.012  INFO --- [nio-8080-exec-8] com.fsocial.config.AppConfig             : Request URI: /api/v1/ws
2026-08-21 00:33:30.014  INFO --- [nio-8080-exec-8] com.fsocial.config.AppConfig             : [DEBUG-AUTH] principal=anonymousUser, authorities=[ROLE_ANONYMOUS]
2026-08-21 00:33:31.203  INFO --- [io-8080-exec-10] c.fsocial.services.impl.PostServiceImpl  : Lấy bài viết thành công, count=2
2026-08-21 00:33:31.203  INFO --- [io-8080-exec-10] com.fsocial.controller.PostController    : Lấy thông tin bài viết thành công
2026-08-21 00:33:31.205  INFO --- [io-8080-exec-10] com.fsocial.config.AppConfig             : [DEBUG-AUTH] principal=01a01ec7-9c72-7bc2-acd1-388accc8f094, authorities=[ROLE_ADMIN]
2026-08-21 00:33:31.333  INFO --- [nio-8080-exec-4] com.fsocial.config.AppConfig             : Request URI: /api/v1/actions
2026-08-21 00:33:32.495  INFO --- [nio-8080-exec-4] c.fsocial.services.impl.PostServiceImpl  : Lấy bài viết thành công, count=2
2026-08-21 00:33:32.495  INFO --- [nio-8080-exec-4] com.fsocial.controller.PostController    : Lấy thông tin bài viết thành công
2026-08-21 00:33:32.497  INFO --- [nio-8080-exec-4] com.fsocial.config.AppConfig             : [DEBUG-AUTH] principal=01a01ec7-9c72-7bc2-acd1-388accc8f094, authorities=[ROLE_ADMIN]
2026-08-21 00:33:37.820  INFO --- [nio-8080-exec-5] com.fsocial.config.AppConfig             : Request URI: /api/v1/notification
2026-08-21 00:33:37.894  INFO --- [nio-8080-exec-2] com.fsocial.config.AppConfig             : Request URI: /api/v1/notification/un-read
2026-08-21 00:33:37.895  INFO --- [nio-8080-exec-9] com.fsocial.config.AppConfig             : Request URI: /api/v1/profile
2026-08-21 00:33:38.046  INFO --- [nio-8080-exec-2] com.fsocial.config.AppConfig             : [DEBUG-AUTH] principal=01a01ec7-9c72-7bc2-acd1-388accc8f094, authorities=[ROLE_ADMIN]
2026-08-21 00:33:38.048  INFO --- [nio-8080-exec-5] com.fsocial.config.AppConfig             : [DEBUG-AUTH] principal=01a01ec7-9c72-7bc2-acd1-388accc8f094, authorities=[ROLE_ADMIN]
2026-08-21 00:33:38.421  INFO --- [nio-8080-exec-9] com.fsocial.config.AppConfig             : [DEBUG-AUTH] principal=01a01ec7-9c72-7bc2-acd1-388accc8f094, authorities=[ROLE_ADMIN]
2026-08-21 00:33:38.519  INFO --- [nio-8080-exec-8] com.fsocial.config.AppConfig             : Request URI: /api/v1/actions
2026-08-21 00:33:38.533  INFO --- [nio-8080-exec-1] com.fsocial.config.AppConfig             : Request URI: /api/v1/ws
2026-08-21 00:33:38.535  INFO --- [nio-8080-exec-1] com.fsocial.config.AppConfig             : [DEBUG-AUTH] principal=anonymousUser, authorities=[ROLE_ANONYMOUS]
2026-08-21 00:33:39.663  INFO --- [nio-8080-exec-8] c.fsocial.services.impl.PostServiceImpl  : Lấy bài viết thành công, count=2
2026-08-21 00:33:39.663  INFO --- [nio-8080-exec-8] com.fsocial.controller.PostController    : Lấy thông tin bài viết thành công
2026-08-21 00:33:39.665  INFO --- [nio-8080-exec-8] com.fsocial.config.AppConfig             : [DEBUG-AUTH] principal=01a01ec7-9c72-7bc2-acd1-388accc8f094, authorities=[ROLE_ADMIN]
2026-08-21 00:33:39.756  INFO --- [nio-8080-exec-4] com.fsocial.config.AppConfig             : Request URI: /api/v1/actions
2026-08-21 00:33:40.907  INFO --- [nio-8080-exec-4] c.fsocial.services.impl.PostServiceImpl  : Lấy bài viết thành công, count=2
2026-08-21 00:33:40.908  INFO --- [nio-8080-exec-4] com.fsocial.controller.PostController    : Lấy thông tin bài viết thành công
2026-08-21 00:33:40.909  INFO --- [nio-8080-exec-4] com.fsocial.config.AppConfig             : [DEBUG-AUTH] principal=01a01ec7-9c72-7bc2-acd1-388accc8f094, authorities=[ROLE_ADMIN]
2026-08-21 00:33:43.837  INFO --- [nio-8080-exec-2] com.fsocial.config.AppConfig             : Request URI: /api/v1/notification
2026-08-21 00:33:43.876  INFO --- [nio-8080-exec-5] com.fsocial.config.AppConfig             : Request URI: /api/v1/notification/un-read
2026-08-21 00:33:43.876  INFO --- [nio-8080-exec-9] com.fsocial.config.AppConfig             : Request URI: /api/v1/profile
2026-08-21 00:33:44.023  INFO --- [nio-8080-exec-5] com.fsocial.config.AppConfig             : [DEBUG-AUTH] principal=01a01ec7-9c72-7bc2-acd1-388accc8f094, authorities=[ROLE_ADMIN]
2026-08-21 00:33:44.066  INFO --- [nio-8080-exec-2] com.fsocial.config.AppConfig             : [DEBUG-AUTH] principal=01a01ec7-9c72-7bc2-acd1-388accc8f094, authorities=[ROLE_ADMIN]
2026-08-21 00:33:44.427  INFO --- [nio-8080-exec-9] com.fsocial.config.AppConfig             : [DEBUG-AUTH] principal=01a01ec7-9c72-7bc2-acd1-388accc8f094, authorities=[ROLE_ADMIN]
2026-08-21 00:33:44.493  INFO --- [nio-8080-exec-1] com.fsocial.config.AppConfig             : Request URI: /api/v1/actions
2026-08-21 00:33:44.494  INFO --- [nio-8080-exec-7] com.fsocial.config.AppConfig             : Request URI: /api/v1/ws
2026-08-21 00:33:44.495  INFO --- [nio-8080-exec-7] com.fsocial.config.AppConfig             : [DEBUG-AUTH] principal=anonymousUser, authorities=[ROLE_ANONYMOUS]
2026-08-21 00:33:45.707  INFO --- [nio-8080-exec-1] c.fsocial.services.impl.PostServiceImpl  : Lấy bài viết thành công, count=2
2026-08-21 00:33:45.707  INFO --- [nio-8080-exec-1] com.fsocial.controller.PostController    : Lấy thông tin bài viết thành công
2026-08-21 00:33:45.709  INFO --- [nio-8080-exec-1] com.fsocial.config.AppConfig             : [DEBUG-AUTH] principal=01a01ec7-9c72-7bc2-acd1-388accc8f094, authorities=[ROLE_ADMIN]
2026-08-21 00:33:50.494  INFO --- [nio-8080-exec-5] com.fsocial.config.AppConfig             : Request URI: /api/v1/auth/google/login
2026-08-21 00:33:50.711  INFO --- [nio-8080-exec-5] c.f.s.impl.AuthenticationServiceImpl     : Google login for email: flowzone.cs@gmail.com
2026-08-21 00:33:51.021  INFO --- [nio-8080-exec-5] c.fsocial.services.impl.JwtServiceImpl   : [JWT-DEBUG] accountId=01a01ec7-9c72-7bc2-acd1-388accc8f094, username=null, roleObj=com.fsocial.entity.Role@1762601b, roleName=ADMIN, scopeClaim='ADMIN'
2026-08-21 00:33:51.557  INFO --- [nio-8080-exec-5] com.fsocial.config.AppConfig             : [DEBUG-AUTH] principal=anonymousUser, authorities=[ROLE_ANONYMOUS]
2026-08-21 00:33:52.358  INFO --- [nio-8080-exec-2] com.fsocial.config.AppConfig             : Request URI: /api/v1/account/profile
2026-08-21 00:33:52.455  INFO --- [nio-8080-exec-9] com.fsocial.config.AppConfig             : Request URI: /api/v1/complaint
2026-08-21 00:33:52.671  INFO --- [nio-8080-exec-9] com.fsocial.config.AppConfig             : [DEBUG-AUTH] principal=01a01ec7-9c72-7bc2-acd1-388accc8f094, authorities=[ROLE_ADMIN]
2026-08-21 00:33:52.875  INFO --- [nio-8080-exec-2] com.fsocial.config.AppConfig             : [DEBUG-AUTH] principal=01a01ec7-9c72-7bc2-acd1-388accc8f094, authorities=[ROLE_ADMIN]
2026-08-21 00:33:54.638  INFO --- [nio-8080-exec-3] com.fsocial.config.AppConfig             : Request URI: /api/v1/faq/type/FAQ
2026-08-21 00:33:54.929  INFO --- [nio-8080-exec-3] com.fsocial.config.AppConfig             : [DEBUG-AUTH] principal=01a01ec7-9c72-7bc2-acd1-388accc8f094, authorities=[ROLE_ADMIN]
2026-08-21 00:33:57.015  INFO --- [io-8080-exec-10] com.fsocial.config.AppConfig             : Request URI: /api/v1/account/profile
2026-08-21 00:33:57.141  INFO --- [nio-8080-exec-8] com.fsocial.config.AppConfig             : Request URI: /api/v1/faq/type/FAQ
2026-08-21 00:33:57.435  INFO --- [nio-8080-exec-8] com.fsocial.config.AppConfig             : [DEBUG-AUTH] principal=01a01ec7-9c72-7bc2-acd1-388accc8f094, authorities=[ROLE_ADMIN]
2026-08-21 00:33:57.537  INFO --- [io-8080-exec-10] com.fsocial.config.AppConfig             : [DEBUG-AUTH] principal=01a01ec7-9c72-7bc2-acd1-388accc8f094, authorities=[ROLE_ADMIN]
2026-08-21 00:33:58.429  INFO --- [nio-8080-exec-4] com.fsocial.config.AppConfig             : Request URI: /api/v1/account/profile
2026-08-21 00:33:58.559  INFO --- [nio-8080-exec-6] com.fsocial.config.AppConfig             : Request URI: /api/v1/faq/type/FAQ
2026-08-21 00:33:58.874  INFO --- [nio-8080-exec-6] com.fsocial.config.AppConfig             : [DEBUG-AUTH] principal=01a01ec7-9c72-7bc2-acd1-388accc8f094, authorities=[ROLE_ADMIN]
2026-08-21 00:33:58.938  INFO --- [nio-8080-exec-4] com.fsocial.config.AppConfig             : [DEBUG-AUTH] principal=01a01ec7-9c72-7bc2-acd1-388accc8f094, authorities=[ROLE_ADMIN]
2026-08-21 00:38:12.998  INFO --- [nio-8080-exec-7] com.fsocial.config.AppConfig             : Request URI: /api/v1/faq
2026-08-21 00:38:13.385  INFO --- [nio-8080-exec-7] com.fsocial.config.AppConfig             : [DEBUG-AUTH] principal=01a01ec7-9c72-7bc2-acd1-388accc8f094, authorities=[ROLE_ADMIN]
2026-08-21 00:38:13.764  INFO --- [nio-8080-exec-3] com.fsocial.config.AppConfig             : Request URI: /api/v1/notification
2026-08-21 00:38:13.822  INFO --- [nio-8080-exec-8] com.fsocial.config.AppConfig             : Request URI: /api/v1/notification/un-read
2026-08-21 00:38:13.822  INFO --- [io-8080-exec-10] com.fsocial.config.AppConfig             : Request URI: /api/v1/profile
2026-08-21 00:38:13.984  INFO --- [nio-8080-exec-8] com.fsocial.config.AppConfig             : [DEBUG-AUTH] principal=01a01ec7-9c72-7bc2-acd1-388accc8f094, authorities=[ROLE_ADMIN]
2026-08-21 00:38:13.988  INFO --- [nio-8080-exec-3] com.fsocial.config.AppConfig             : [DEBUG-AUTH] principal=01a01ec7-9c72-7bc2-acd1-388accc8f094, authorities=[ROLE_ADMIN]
2026-08-21 00:38:14.342  INFO --- [io-8080-exec-10] com.fsocial.config.AppConfig             : [DEBUG-AUTH] principal=01a01ec7-9c72-7bc2-acd1-388accc8f094, authorities=[ROLE_ADMIN]
2026-08-21 00:38:14.406  INFO --- [nio-8080-exec-6] com.fsocial.config.AppConfig             : Request URI: /api/v1/actions
2026-08-21 00:38:14.408  INFO --- [nio-8080-exec-4] com.fsocial.config.AppConfig             : Request URI: /api/v1/ws
2026-08-21 00:38:14.410  INFO --- [nio-8080-exec-4] com.fsocial.config.AppConfig             : [DEBUG-AUTH] principal=anonymousUser, authorities=[ROLE_ANONYMOUS]
2026-08-21 00:38:15.535  INFO --- [nio-8080-exec-6] c.fsocial.services.impl.PostServiceImpl  : Lấy bài viết thành công, count=2
2026-08-21 00:38:15.536  INFO --- [nio-8080-exec-6] com.fsocial.controller.PostController    : Lấy thông tin bài viết thành công
2026-08-21 00:38:15.537  INFO --- [nio-8080-exec-6] com.fsocial.config.AppConfig             : [DEBUG-AUTH] principal=01a01ec7-9c72-7bc2-acd1-388accc8f094, authorities=[ROLE_ADMIN]
2026-08-21 00:38:15.601  INFO --- [nio-8080-exec-9] com.fsocial.config.AppConfig             : Request URI: /api/v1/actions
2026-08-21 00:38:16.756  INFO --- [nio-8080-exec-9] c.fsocial.services.impl.PostServiceImpl  : Lấy bài viết thành công, count=2
2026-08-21 00:38:16.756  INFO --- [nio-8080-exec-9] com.fsocial.controller.PostController    : Lấy thông tin bài viết thành công
2026-08-21 00:38:16.757  INFO --- [nio-8080-exec-9] com.fsocial.config.AppConfig             : [DEBUG-AUTH] principal=01a01ec7-9c72-7bc2-acd1-388accc8f094, authorities=[ROLE_ADMIN]
2026-08-21 00:42:32.311  INFO --- [nio-8080-exec-8] com.fsocial.config.AppConfig             : Request URI: /api/v1/ws
2026-08-21 00:42:32.313  INFO --- [nio-8080-exec-8] com.fsocial.config.AppConfig             : [DEBUG-AUTH] principal=anonymousUser, authorities=[ROLE_ANONYMOUS]
2026-08-21 00:42:32.314  INFO --- [nio-8080-exec-3] com.fsocial.config.AppConfig             : Request URI: /api/v1/notification
2026-08-21 00:42:32.385  INFO --- [nio-8080-exec-4] com.fsocial.config.AppConfig             : Request URI: /api/v1/profile
2026-08-21 00:42:32.385  INFO --- [io-8080-exec-10] com.fsocial.config.AppConfig             : Request URI: /api/v1/notification/un-read
2026-08-21 00:42:32.531  INFO --- [nio-8080-exec-3] com.fsocial.config.AppConfig             : [DEBUG-AUTH] principal=01a01ec7-9c72-7bc2-acd1-388accc8f094, authorities=[ROLE_ADMIN]
2026-08-21 00:42:32.537  INFO --- [io-8080-exec-10] com.fsocial.config.AppConfig             : [DEBUG-AUTH] principal=01a01ec7-9c72-7bc2-acd1-388accc8f094, authorities=[ROLE_ADMIN]
2026-08-21 00:42:32.906  INFO --- [nio-8080-exec-4] com.fsocial.config.AppConfig             : [DEBUG-AUTH] principal=01a01ec7-9c72-7bc2-acd1-388accc8f094, authorities=[ROLE_ADMIN]
2026-08-21 00:42:33.019  INFO --- [nio-8080-exec-2] com.fsocial.config.AppConfig             : Request URI: /api/v1/actions
2026-08-21 00:42:34.139  INFO --- [nio-8080-exec-2] c.fsocial.services.impl.PostServiceImpl  : Lấy bài viết thành công, count=2
2026-08-21 00:42:34.139  INFO --- [nio-8080-exec-2] com.fsocial.controller.PostController    : Lấy thông tin bài viết thành công
2026-08-21 00:42:34.141  INFO --- [nio-8080-exec-2] com.fsocial.config.AppConfig             : [DEBUG-AUTH] principal=01a01ec7-9c72-7bc2-acd1-388accc8f094, authorities=[ROLE_ADMIN]
2026-08-21 00:45:31.499  INFO --- [   File Watcher] rtingClassPathChangeChangedEventListener : Restarting due to 448 class path changes (5 additions, 0 deletions, 443 modifications)
2026-08-21 00:45:31.612  INFO --- [ntContainer#0-2] o.s.a.r.l.SimpleMessageListenerContainer : Waiting for workers to finish.
2026-08-21 00:45:31.613  INFO --- [ntContainer#0-2] o.s.a.r.l.SimpleMessageListenerContainer : Successfully waited for workers to finish.
2026-08-21 00:45:31.713  INFO --- [ntContainer#1-2] o.s.a.r.l.SimpleMessageListenerContainer : Waiting for workers to finish.
2026-08-21 00:45:31.958  INFO --- [ntContainer#2-2] o.s.a.r.l.SimpleMessageListenerContainer : Waiting for workers to finish.
2026-08-21 00:45:32.059  INFO --- [ntContainer#3-2] o.s.a.r.l.SimpleMessageListenerContainer : Waiting for workers to finish.
2026-08-21 00:45:32.112  INFO --- [ntContainer#1-2] o.s.a.r.l.SimpleMessageListenerContainer : Successfully waited for workers to finish.
2026-08-21 00:45:32.124  INFO --- [ntContainer#3-2] o.s.a.r.l.SimpleMessageListenerContainer : Successfully waited for workers to finish.
2026-08-21 00:45:32.160  INFO --- [ntContainer#4-2] o.s.a.r.l.SimpleMessageListenerContainer : Waiting for workers to finish.
2026-08-21 00:45:32.612  INFO --- [ntContainer#2-2] o.s.a.r.l.SimpleMessageListenerContainer : Successfully waited for workers to finish.
2026-08-21 00:45:32.639  INFO --- [ntContainer#4-2] o.s.a.r.l.SimpleMessageListenerContainer : Successfully waited for workers to finish.
2026-08-21 00:45:32.642  INFO --- [       Thread-7] o.s.b.w.e.tomcat.GracefulShutdown        : Commencing graceful shutdown. Waiting for active requests to complete
2026-08-21 00:45:32.643  INFO --- [tomcat-shutdown] o.a.coyote.http11.Http11NioProtocol      : Pausing ProtocolHandler ["http-nio-8080"]
2026-08-21 00:45:32.645  INFO --- [tomcat-shutdown] o.s.b.w.e.tomcat.GracefulShutdown        : Graceful shutdown complete
2026-08-21 00:45:32.646  INFO --- [       Thread-7] o.a.coyote.http11.Http11NioProtocol      : Stopping ProtocolHandler ["http-nio-8080"]
2026-08-21 00:45:32.667  INFO --- [       Thread-7] o.s.m.s.b.SimpleBrokerMessageHandler     : Stopping...
2026-08-21 00:45:32.668  INFO --- [       Thread-7] o.s.m.s.b.SimpleBrokerMessageHandler     : BrokerAvailabilityEvent[available=false, SimpleBrokerMessageHandler [org.springframework.messaging.simp.broker.DefaultSubscriptionRegistry@1a97d6d6]]
2026-08-21 00:45:32.668  INFO --- [       Thread-7] o.s.m.s.b.SimpleBrokerMessageHandler     : Stopped.
2026-08-21 00:45:33.028  INFO --- [       Thread-7] j.LocalContainerEntityManagerFactoryBean : Closing JPA EntityManagerFactory for persistence unit 'default'
2026-08-21 00:45:33.033  INFO --- [       Thread-7] com.zaxxer.hikari.HikariDataSource       : HikariPool-1 - Shutdown initiated...
2026-08-21 00:45:33.861  INFO --- [       Thread-7] com.zaxxer.hikari.HikariDataSource       : HikariPool-1 - Shutdown completed.
2026-08-21 00:45:34.000  INFO --- [  restartedMain] com.fsocial.PostServiceApplication       : Starting PostServiceApplication using Java 21.0.11 with PID 142845 (/home/cangngo/workspace/Fsocial/fsocial_backend/target/classes started by cangngo in /home/cangngo/workspace/Fsocial/fsocial_backend)
2026-08-21 00:45:34.000 DEBUG --- [  restartedMain] com.fsocial.PostServiceApplication       : Running with Spring Boot v3.4.1, Spring v6.2.1
2026-08-21 00:45:34.000  INFO --- [  restartedMain] com.fsocial.PostServiceApplication       : The following 1 profile is active: "dev"
2026-08-21 00:45:34.433  INFO --- [  restartedMain] .s.d.r.c.RepositoryConfigurationDelegate : Multiple Spring Data modules found, entering strict repository configuration mode
2026-08-21 00:45:34.433  INFO --- [  restartedMain] .s.d.r.c.RepositoryConfigurationDelegate : Bootstrapping Spring Data JPA repositories in DEFAULT mode.
2026-08-21 00:45:34.538  INFO --- [  restartedMain] .s.d.r.c.RepositoryConfigurationDelegate : Finished Spring Data repository scanning in 103 ms. Found 28 JPA repository interfaces.
2026-08-21 00:45:34.544  INFO --- [  restartedMain] .s.d.r.c.RepositoryConfigurationDelegate : Multiple Spring Data modules found, entering strict repository configuration mode
2026-08-21 00:45:34.544  INFO --- [  restartedMain] .s.d.r.c.RepositoryConfigurationDelegate : Bootstrapping Spring Data Redis repositories in DEFAULT mode.
2026-08-21 00:45:34.555  INFO --- [  restartedMain] .RepositoryConfigurationExtensionSupport : Spring Data Redis - Could not safely identify store assignment for repository candidate interface com.fsocial.repository.AccountRepository; If you want this repository to be a Redis repository, consider annotating your entities with one of these annotations: org.springframework.data.redis.core.RedisHash (preferred), or consider extending one of the following types with your repository: org.springframework.data.keyvalue.repository.KeyValueRepository
2026-08-21 00:45:34.555  INFO --- [  restartedMain] .RepositoryConfigurationExtensionSupport : Spring Data Redis - Could not safely identify store assignment for repository candidate interface com.fsocial.repository.AttachmentsRepository; If you want this repository to be a Redis repository, consider annotating your entities with one of these annotations: org.springframework.data.redis.core.RedisHash (preferred), or consider extending one of the following types with your repository: org.springframework.data.keyvalue.repository.KeyValueRepository
2026-08-21 00:45:34.555  INFO --- [  restartedMain] .RepositoryConfigurationExtensionSupport : Spring Data Redis - Could not safely identify store assignment for repository candidate interface com.fsocial.repository.AuthProviderRepository; If you want this repository to be a Redis repository, consider annotating your entities with one of these annotations: org.springframework.data.redis.core.RedisHash (preferred), or consider extending one of the following types with your repository: org.springframework.data.keyvalue.repository.KeyValueRepository
2026-08-21 00:45:34.555  INFO --- [  restartedMain] .RepositoryConfigurationExtensionSupport : Spring Data Redis - Could not safely identify store assignment for repository candidate interface com.fsocial.repository.CommentLikeRepository; If you want this repository to be a Redis repository, consider annotating your entities with one of these annotations: org.springframework.data.redis.core.RedisHash (preferred), or consider extending one of the following types with your repository: org.springframework.data.keyvalue.repository.KeyValueRepository
2026-08-21 00:45:34.555  INFO --- [  restartedMain] .RepositoryConfigurationExtensionSupport : Spring Data Redis - Could not safely identify store assignment for repository candidate interface com.fsocial.repository.CommentRepository; If you want this repository to be a Redis repository, consider annotating your entities with one of these annotations: org.springframework.data.redis.core.RedisHash (preferred), or consider extending one of the following types with your repository: org.springframework.data.keyvalue.repository.KeyValueRepository
2026-08-21 00:45:34.556  INFO --- [  restartedMain] .RepositoryConfigurationExtensionSupport : Spring Data Redis - Could not safely identify store assignment for repository candidate interface com.fsocial.repository.ComplaintRepository; If you want this repository to be a Redis repository, consider annotating your entities with one of these annotations: org.springframework.data.redis.core.RedisHash (preferred), or consider extending one of the following types with your repository: org.springframework.data.keyvalue.repository.KeyValueRepository
2026-08-21 00:45:34.556  INFO --- [  restartedMain] .RepositoryConfigurationExtensionSupport : Spring Data Redis - Could not safely identify store assignment for repository candidate interface com.fsocial.repository.ConversationMemberRepository; If you want this repository to be a Redis repository, consider annotating your entities with one of these annotations: org.springframework.data.redis.core.RedisHash (preferred), or consider extending one of the following types with your repository: org.springframework.data.keyvalue.repository.KeyValueRepository
2026-08-21 00:45:34.556  INFO --- [  restartedMain] .RepositoryConfigurationExtensionSupport : Spring Data Redis - Could not safely identify store assignment for repository candidate interface com.fsocial.repository.ConversationRepository; If you want this repository to be a Redis repository, consider annotating your entities with one of these annotations: org.springframework.data.redis.core.RedisHash (preferred), or consider extending one of the following types with your repository: org.springframework.data.keyvalue.repository.KeyValueRepository
2026-08-21 00:45:34.556  INFO --- [  restartedMain] .RepositoryConfigurationExtensionSupport : Spring Data Redis - Could not safely identify store assignment for repository candidate interface com.fsocial.repository.DeviceTokenRepository; If you want this repository to be a Redis repository, consider annotating your entities with one of these annotations: org.springframework.data.redis.core.RedisHash (preferred), or consider extending one of the following types with your repository: org.springframework.data.keyvalue.repository.KeyValueRepository
2026-08-21 00:45:34.556  INFO --- [  restartedMain] .RepositoryConfigurationExtensionSupport : Spring Data Redis - Could not safely identify store assignment for repository candidate interface com.fsocial.repository.FaqRatingRepository; If you want this repository to be a Redis repository, consider annotating your entities with one of these annotations: org.springframework.data.redis.core.RedisHash (preferred), or consider extending one of the following types with your repository: org.springframework.data.keyvalue.repository.KeyValueRepository
2026-08-21 00:45:34.557  INFO --- [  restartedMain] .RepositoryConfigurationExtensionSupport : Spring Data Redis - Could not safely identify store assignment for repository candidate interface com.fsocial.repository.FaqRepository; If you want this repository to be a Redis repository, consider annotating your entities with one of these annotations: org.springframework.data.redis.core.RedisHash (preferred), or consider extending one of the following types with your repository: org.springframework.data.keyvalue.repository.KeyValueRepository
2026-08-21 00:45:34.557  INFO --- [  restartedMain] .RepositoryConfigurationExtensionSupport : Spring Data Redis - Could not safely identify store assignment for repository candidate interface com.fsocial.repository.FaqViewRepository; If you want this repository to be a Redis repository, consider annotating your entities with one of these annotations: org.springframework.data.redis.core.RedisHash (preferred), or consider extending one of the following types with your repository: org.springframework.data.keyvalue.repository.KeyValueRepository
2026-08-21 00:45:34.557  INFO --- [  restartedMain] .RepositoryConfigurationExtensionSupport : Spring Data Redis - Could not safely identify store assignment for repository candidate interface com.fsocial.repository.FollowRepository; If you want this repository to be a Redis repository, consider annotating your entities with one of these annotations: org.springframework.data.redis.core.RedisHash (preferred), or consider extending one of the following types with your repository: org.springframework.data.keyvalue.repository.KeyValueRepository
2026-08-21 00:45:34.557  INFO --- [  restartedMain] .RepositoryConfigurationExtensionSupport : Spring Data Redis - Could not safely identify store assignment for repository candidate interface com.fsocial.repository.HashtagRepository; If you want this repository to be a Redis repository, consider annotating your entities with one of these annotations: org.springframework.data.redis.core.RedisHash (preferred), or consider extending one of the following types with your repository: org.springframework.data.keyvalue.repository.KeyValueRepository
2026-08-21 00:45:34.557  INFO --- [  restartedMain] .RepositoryConfigurationExtensionSupport : Spring Data Redis - Could not safely identify store assignment for repository candidate interface com.fsocial.repository.MessageRepository; If you want this repository to be a Redis repository, consider annotating your entities with one of these annotations: org.springframework.data.redis.core.RedisHash (preferred), or consider extending one of the following types with your repository: org.springframework.data.keyvalue.repository.KeyValueRepository
2026-08-21 00:45:34.558  INFO --- [  restartedMain] .RepositoryConfigurationExtensionSupport : Spring Data Redis - Could not safely identify store assignment for repository candidate interface com.fsocial.repository.NotificationPreferenceRepository; If you want this repository to be a Redis repository, consider annotating your entities with one of these annotations: org.springframework.data.redis.core.RedisHash (preferred), or consider extending one of the following types with your repository: org.springframework.data.keyvalue.repository.KeyValueRepository
2026-08-21 00:45:34.558  INFO --- [  restartedMain] .RepositoryConfigurationExtensionSupport : Spring Data Redis - Could not safely identify store assignment for repository candidate interface com.fsocial.repository.NotificationRepository; If you want this repository to be a Redis repository, consider annotating your entities with one of these annotations: org.springframework.data.redis.core.RedisHash (preferred), or consider extending one of the following types with your repository: org.springframework.data.keyvalue.repository.KeyValueRepository
2026-08-21 00:45:34.558  INFO --- [  restartedMain] .RepositoryConfigurationExtensionSupport : Spring Data Redis - Could not safely identify store assignment for repository candidate interface com.fsocial.repository.NotificationTemplateRepository; If you want this repository to be a Redis repository, consider annotating your entities with one of these annotations: org.springframework.data.redis.core.RedisHash (preferred), or consider extending one of the following types with your repository: org.springframework.data.keyvalue.repository.KeyValueRepository
2026-08-21 00:45:34.558  INFO --- [  restartedMain] .RepositoryConfigurationExtensionSupport : Spring Data Redis - Could not safely identify store assignment for repository candidate interface com.fsocial.repository.PermissionRepository; If you want this repository to be a Redis repository, consider annotating your entities with one of these annotations: org.springframework.data.redis.core.RedisHash (preferred), or consider extending one of the following types with your repository: org.springframework.data.keyvalue.repository.KeyValueRepository
2026-08-21 00:45:34.558  INFO --- [  restartedMain] .RepositoryConfigurationExtensionSupport : Spring Data Redis - Could not safely identify store assignment for repository candidate interface com.fsocial.repository.PostLikeRepository; If you want this repository to be a Redis repository, consider annotating your entities with one of these annotations: org.springframework.data.redis.core.RedisHash (preferred), or consider extending one of the following types with your repository: org.springframework.data.keyvalue.repository.KeyValueRepository
2026-08-21 00:45:34.558  INFO --- [  restartedMain] .RepositoryConfigurationExtensionSupport : Spring Data Redis - Could not safely identify store assignment for repository candidate interface com.fsocial.repository.PostRepository; If you want this repository to be a Redis repository, consider annotating your entities with one of these annotations: org.springframework.data.redis.core.RedisHash (preferred), or consider extending one of the following types with your repository: org.springframework.data.keyvalue.repository.KeyValueRepository
2026-08-21 00:45:34.559  INFO --- [  restartedMain] .RepositoryConfigurationExtensionSupport : Spring Data Redis - Could not safely identify store assignment for repository candidate interface com.fsocial.repository.RefreshTokenRepository; If you want this repository to be a Redis repository, consider annotating your entities with one of these annotations: org.springframework.data.redis.core.RedisHash (preferred), or consider extending one of the following types with your repository: org.springframework.data.keyvalue.repository.KeyValueRepository
2026-08-21 00:45:34.559  INFO --- [  restartedMain] .RepositoryConfigurationExtensionSupport : Spring Data Redis - Could not safely identify store assignment for repository candidate interface com.fsocial.repository.RoleRepository; If you want this repository to be a Redis repository, consider annotating your entities with one of these annotations: org.springframework.data.redis.core.RedisHash (preferred), or consider extending one of the following types with your repository: org.springframework.data.keyvalue.repository.KeyValueRepository
2026-08-21 00:45:34.559  INFO --- [  restartedMain] .RepositoryConfigurationExtensionSupport : Spring Data Redis - Could not safely identify store assignment for repository candidate interface com.fsocial.repository.SeenPostRepository; If you want this repository to be a Redis repository, consider annotating your entities with one of these annotations: org.springframework.data.redis.core.RedisHash (preferred), or consider extending one of the following types with your repository: org.springframework.data.keyvalue.repository.KeyValueRepository
2026-08-21 00:45:34.559  INFO --- [  restartedMain] .RepositoryConfigurationExtensionSupport : Spring Data Redis - Could not safely identify store assignment for repository candidate interface com.fsocial.repository.TermOfServicesRepository; If you want this repository to be a Redis repository, consider annotating your entities with one of these annotations: org.springframework.data.redis.core.RedisHash (preferred), or consider extending one of the following types with your repository: org.springframework.data.keyvalue.repository.KeyValueRepository
2026-08-21 00:45:34.559  INFO --- [  restartedMain] .RepositoryConfigurationExtensionSupport : Spring Data Redis - Could not safely identify store assignment for repository candidate interface com.fsocial.repository.TermRepository; If you want this repository to be a Redis repository, consider annotating your entities with one of these annotations: org.springframework.data.redis.core.RedisHash (preferred), or consider extending one of the following types with your repository: org.springframework.data.keyvalue.repository.KeyValueRepository
2026-08-21 00:45:34.559  INFO --- [  restartedMain] .RepositoryConfigurationExtensionSupport : Spring Data Redis - Could not safely identify store assignment for repository candidate interface com.fsocial.repository.TokenRepository; If you want this repository to be a Redis repository, consider annotating your entities with one of these annotations: org.springframework.data.redis.core.RedisHash (preferred), or consider extending one of the following types with your repository: org.springframework.data.keyvalue.repository.KeyValueRepository
2026-08-21 00:45:34.559  INFO --- [  restartedMain] .RepositoryConfigurationExtensionSupport : Spring Data Redis - Could not safely identify store assignment for repository candidate interface com.fsocial.repository.UserInterestRepository; If you want this repository to be a Redis repository, consider annotating your entities with one of these annotations: org.springframework.data.redis.core.RedisHash (preferred), or consider extending one of the following types with your repository: org.springframework.data.keyvalue.repository.KeyValueRepository
2026-08-21 00:45:34.560  INFO --- [  restartedMain] .s.d.r.c.RepositoryConfigurationDelegate : Finished Spring Data repository scanning in 14 ms. Found 0 Redis repository interfaces.
2026-08-21 00:45:34.777  INFO --- [  restartedMain] o.s.b.w.embedded.tomcat.TomcatWebServer  : Tomcat initialized with port 8080 (http)
2026-08-21 00:45:34.779  INFO --- [  restartedMain] o.a.coyote.http11.Http11NioProtocol      : Initializing ProtocolHandler ["http-nio-8080"]
2026-08-21 00:45:34.779  INFO --- [  restartedMain] o.apache.catalina.core.StandardService   : Starting service [Tomcat]
2026-08-21 00:45:34.780  INFO --- [  restartedMain] o.apache.catalina.core.StandardEngine    : Starting Servlet engine: [Apache Tomcat/10.1.34]
2026-08-21 00:45:34.808  INFO --- [  restartedMain] o.a.c.c.C.[.[localhost].[/api/v1]        : Initializing Spring embedded WebApplicationContext
2026-08-21 00:45:34.808  INFO --- [  restartedMain] w.s.c.ServletWebServerApplicationContext : Root WebApplicationContext: initialization completed in 806 ms
2026-08-21 00:45:34.890 DEBUG --- [  restartedMain] com.fsocial.config.AppConfig$1           : Filter 'loggingFilter' configured for use
2026-08-21 00:45:34.931  INFO --- [  restartedMain] com.zaxxer.hikari.HikariDataSource       : HikariPool-2 - Starting...
2026-08-21 00:45:35.645  INFO --- [  restartedMain] com.zaxxer.hikari.pool.HikariPool        : HikariPool-2 - Added connection org.postgresql.jdbc.PgConnection@14612405
2026-08-21 00:45:35.645  INFO --- [  restartedMain] com.zaxxer.hikari.HikariDataSource       : HikariPool-2 - Start completed.
2026-08-21 00:45:35.719  INFO --- [  restartedMain] org.flywaydb.core.FlywayExecutor         : Database: jdbc:postgresql://flowzone-flowzone.f.aivencloud.com:16025/defaultdb?sslmode=require (PostgreSQL 18.6)
2026-08-21 00:45:36.284  WARN --- [  restartedMain] o.f.c.internal.database.base.Database    : Flyway upgrade recommended: PostgreSQL 18.6 is newer than this version of Flyway and support has not been tested. The latest supported version of PostgreSQL is 17.
2026-08-21 00:45:36.664  INFO --- [  restartedMain] o.f.core.internal.command.DbValidate     : Successfully validated 14 migrations (execution time 00:00.306s)
2026-08-21 00:45:37.637  INFO --- [  restartedMain] o.f.core.internal.command.DbMigrate      : Current version of schema "public": 14
2026-08-21 00:45:37.715  INFO --- [  restartedMain] o.f.core.internal.command.DbMigrate      : Schema "public" is up to date. No migration necessary.
2026-08-21 00:45:38.287  INFO --- [  restartedMain] o.s.o.j.p.SpringPersistenceUnitInfo      : No LoadTimeWeaver setup: ignoring JPA class transformer
2026-08-21 00:45:39.724  INFO --- [  restartedMain] j.LocalContainerEntityManagerFactoryBean : Initialized JPA EntityManagerFactory for persistence unit 'default'
2026-08-21 00:45:39.971  INFO --- [  restartedMain] com.fsocial.config.RedisConfig           : Configuring Redis connection to redis-12966.c295.ap-southeast-1-1.ec2.cloud.redislabs.com: 12966
2026-08-21 00:45:39.972  INFO --- [  restartedMain] com.fsocial.config.RedisConfig           : Redis username is default
2026-08-21 00:45:39.972  INFO --- [  restartedMain] com.fsocial.config.RedisConfig           : ✅ Redis connection factory created successfully (lazy connection)
2026-08-21 00:45:39.976  INFO --- [  restartedMain] com.fsocial.config.RedisConfig           : 🔧 Creating StringRedisTemplate bean
2026-08-21 00:45:39.977  INFO --- [  restartedMain] com.fsocial.config.RedisConfig           : ✅ StringRedisTemplate bean created successfully
2026-08-21 00:45:40.548  INFO --- [  restartedMain] com.fsocial.config.RedisConfig           : 🔧 Creating RedisTemplate bean
2026-08-21 00:45:40.548  INFO --- [  restartedMain] com.fsocial.config.RedisConfig           : ✅ RedisTemplate bean created successfully (lazy connection)
2026-08-21 00:45:41.143  INFO --- [  restartedMain] o.s.a.v.pgvector.PgVectorStore           : Using the vector table name: vector_store. Is empty: false
2026-08-21 00:45:41.145  INFO --- [  restartedMain] o.s.a.v.pgvector.PgVectorStore           : Initializing PGVectorStore schema for table: vector_store in schema: public
2026-08-21 00:45:41.145  INFO --- [  restartedMain] o.s.a.v.pgvector.PgVectorStore           : vectorTableValidationsEnabled false
2026-08-21 00:45:41.278  INFO --- [  restartedMain] o.s.b.d.a.OptionalLiveReloadServer       : LiveReload server is running on port 35729
2026-08-21 00:45:41.303  INFO --- [  restartedMain] o.s.m.s.b.SimpleBrokerMessageHandler     : Starting...
2026-08-21 00:45:41.304  INFO --- [  restartedMain] o.s.m.s.b.SimpleBrokerMessageHandler     : BrokerAvailabilityEvent[available=true, SimpleBrokerMessageHandler [org.springframework.messaging.simp.broker.DefaultSubscriptionRegistry@301f05f2]]
2026-08-21 00:45:41.304  INFO --- [  restartedMain] o.s.m.s.b.SimpleBrokerMessageHandler     : Started.
2026-08-21 00:45:41.304  INFO --- [  restartedMain] o.a.coyote.http11.Http11NioProtocol      : Starting ProtocolHandler ["http-nio-8080"]
2026-08-21 00:45:41.306  INFO --- [  restartedMain] o.s.b.w.embedded.tomcat.TomcatWebServer  : Tomcat started on port 8080 (http) with context path '/api/v1'
2026-08-21 00:45:41.307  INFO --- [  restartedMain] o.s.a.r.c.CachingConnectionFactory       : Attempting to connect to: [chameleon.lmq.cloudamqp.com:5671]
2026-08-21 00:45:42.815  INFO --- [  restartedMain] o.s.a.r.c.CachingConnectionFactory       : Created new connection: rabbitConnectionFactory#250d20c6:0/SimpleConnection@a5d6493 [delegate=amqp://yvtspcbt@3.115.160.244:5671/yvtspcbt, localPort=35554]
2026-08-21 00:45:46.663  INFO --- [  restartedMain] com.fsocial.PostServiceApplication       : Started PostServiceApplication in 12.714 seconds (process running for 1270.834)
2026-08-21 00:45:46.665  INFO --- [  restartedMain] .ConditionEvaluationDeltaLoggingListener : Condition evaluation unchanged
2026-08-21 00:46:41.289  INFO --- [MessageBroker-1] o.s.w.s.c.WebSocketMessageBrokerStats    : WebSocketSession[0 current WS(0)-HttpStream(0)-HttpPoll(0), 0 total, 0 closed abnormally (0 connect failure, 0 send limit, 0 transport error)], stompSubProtocol[processed CONNECT(0)-CONNECTED(0)-DISCONNECT(0)], stompBrokerRelay[null], inboundChannel[pool size = 0, active threads = 0, queued tasks = 0, completed tasks = 0], outboundChannel[pool size = 0, active threads = 0, queued tasks = 0, completed tasks = 0], sockJsScheduler[pool size = 4, active threads = 1, queued tasks = 3, completed tasks = 0]
2026-08-21 00:58:32.233  INFO --- [nio-8080-exec-1] o.a.c.c.C.[.[localhost].[/api/v1]        : Initializing Spring DispatcherServlet 'dispatcherServlet'
2026-08-21 00:58:32.233  INFO --- [nio-8080-exec-1] o.s.web.servlet.DispatcherServlet        : Initializing Servlet 'dispatcherServlet'
2026-08-21 00:58:32.249  INFO --- [nio-8080-exec-1] o.s.web.servlet.DispatcherServlet        : Completed initialization in 16 ms
2026-08-21 00:58:32.312  INFO --- [nio-8080-exec-1] com.fsocial.config.AppConfig             : Request URI: /api/v1/actions
2026-08-21 00:58:33.650  INFO --- [nio-8080-exec-1] c.fsocial.services.impl.PostServiceImpl  : Lấy bài viết thành công, count=2
2026-08-21 00:58:33.650  INFO --- [nio-8080-exec-1] com.fsocial.controller.PostController    : Lấy thông tin bài viết thành công
2026-08-21 00:58:33.680  INFO --- [nio-8080-exec-1] com.fsocial.config.AppConfig             : [DEBUG-AUTH] principal=01a01ec7-9c72-7bc2-acd1-388accc8f094, authorities=[ROLE_ADMIN]
2026-08-21 00:58:42.176  INFO --- [nio-8080-exec-2] com.fsocial.config.AppConfig             : Request URI: /api/v1/ws
2026-08-21 00:58:42.180  INFO --- [nio-8080-exec-2] com.fsocial.config.AppConfig             : [DEBUG-AUTH] principal=anonymousUser, authorities=[ROLE_ANONYMOUS]
2026-08-21 01:00:00.258  INFO --- [MessageBroker-2] c.f.scheduler.HashtagSyncScheduler       : Hashtag catalog sync completed
2026-08-21 01:08:46.477  INFO --- [nio-8080-exec-1] com.fsocial.config.AppConfig             : Request URI: /api/v1/ws
2026-08-21 01:08:46.481  INFO --- [nio-8080-exec-1] com.fsocial.config.AppConfig             : [DEBUG-AUTH] principal=anonymousUser, authorities=[ROLE_ANONYMOUS]
2026-08-21 01:08:46.493  INFO --- [nio-8080-exec-3] com.fsocial.config.AppConfig             : Request URI: /api/v1/notification
2026-08-21 01:08:46.578  INFO --- [nio-8080-exec-6] com.fsocial.config.AppConfig             : Request URI: /api/v1/notification/un-read
2026-08-21 01:08:46.581  INFO --- [nio-8080-exec-7] com.fsocial.config.AppConfig             : Request URI: /api/v1/profile
2026-08-21 01:08:46.755  INFO --- [nio-8080-exec-3] com.fsocial.config.AppConfig             : [DEBUG-AUTH] principal=01a01ec7-9c72-7bc2-acd1-388accc8f094, authorities=[ROLE_ADMIN]
2026-08-21 01:08:46.836  INFO --- [nio-8080-exec-6] com.fsocial.config.AppConfig             : [DEBUG-AUTH] principal=01a01ec7-9c72-7bc2-acd1-388accc8f094, authorities=[ROLE_ADMIN]
2026-08-21 01:08:47.135  INFO --- [nio-8080-exec-7] com.fsocial.config.AppConfig             : [DEBUG-AUTH] principal=01a01ec7-9c72-7bc2-acd1-388accc8f094, authorities=[ROLE_ADMIN]
2026-08-21 01:08:47.215  INFO --- [io-8080-exec-10] com.fsocial.config.AppConfig             : Request URI: /api/v1/actions
2026-08-21 01:08:48.424  INFO --- [io-8080-exec-10] c.fsocial.services.impl.PostServiceImpl  : Lấy bài viết thành công, count=2
2026-08-21 01:08:48.424  INFO --- [io-8080-exec-10] com.fsocial.controller.PostController    : Lấy thông tin bài viết thành công
2026-08-21 01:08:48.426  INFO --- [io-8080-exec-10] com.fsocial.config.AppConfig             : [DEBUG-AUTH] principal=01a01ec7-9c72-7bc2-acd1-388accc8f094, authorities=[ROLE_ADMIN]
2026-08-21 01:08:48.532  INFO --- [nio-8080-exec-2] com.fsocial.config.AppConfig             : Request URI: /api/v1/actions
2026-08-21 01:08:49.711  INFO --- [nio-8080-exec-2] c.fsocial.services.impl.PostServiceImpl  : Lấy bài viết thành công, count=2
2026-08-21 01:08:49.711  INFO --- [nio-8080-exec-2] com.fsocial.controller.PostController    : Lấy thông tin bài viết thành công
2026-08-21 01:08:49.712  INFO --- [nio-8080-exec-2] com.fsocial.config.AppConfig             : [DEBUG-AUTH] principal=01a01ec7-9c72-7bc2-acd1-388accc8f094, authorities=[ROLE_ADMIN]
2026-08-21 01:16:41.290  INFO --- [MessageBroker-3] o.s.w.s.c.WebSocketMessageBrokerStats    : WebSocketSession[1 current WS(1)-HttpStream(0)-HttpPoll(0), 2 total, 0 closed abnormally (0 connect failure, 0 send limit, 0 transport error)], stompSubProtocol[processed CONNECT(2)-CONNECTED(2)-DISCONNECT(0)], stompBrokerRelay[null], inboundChannel[pool size = 0, active threads = 0, queued tasks = 0, completed tasks = 84], outboundChannel[pool size = 0, active threads = 0, queued tasks = 0, completed tasks = 19], sockJsScheduler[pool size = 6, active threads = 1, queued tasks = 3, completed tasks = 2]
2026-08-21 01:27:31.939  INFO --- [nio-8080-exec-5] com.fsocial.config.AppConfig             : Request URI: /api/v1/conversations
2026-08-21 01:27:32.205  INFO --- [nio-8080-exec-5] com.fsocial.config.AppConfig             : [DEBUG-AUTH] principal=01a01ec7-9c72-7bc2-acd1-388accc8f094, authorities=[ROLE_ADMIN]
2026-08-21 01:27:34.342  INFO --- [nio-8080-exec-8] com.fsocial.config.AppConfig             : Request URI: /api/v1/ws
2026-08-21 01:27:34.344  INFO --- [nio-8080-exec-8] com.fsocial.config.AppConfig             : [DEBUG-AUTH] principal=anonymousUser, authorities=[ROLE_ANONYMOUS]
2026-08-21 01:27:37.933  INFO --- [nio-8080-exec-7] com.fsocial.config.AppConfig             : Request URI: /api/v1/actions
2026-08-21 01:27:39.110  INFO --- [nio-8080-exec-7] c.fsocial.services.impl.PostServiceImpl  : Lấy bài viết thành công, count=2
2026-08-21 01:27:39.110  INFO --- [nio-8080-exec-7] com.fsocial.controller.PostController    : Lấy thông tin bài viết thành công
2026-08-21 01:27:39.112  INFO --- [nio-8080-exec-7] com.fsocial.config.AppConfig             : [DEBUG-AUTH] principal=01a01ec7-9c72-7bc2-acd1-388accc8f094, authorities=[ROLE_ADMIN]
2026-08-21 01:27:43.484  INFO --- [nio-8080-exec-4] com.fsocial.config.AppConfig             : Request URI: /api/v1/auth/google/login
2026-08-21 01:27:43.697  INFO --- [nio-8080-exec-4] c.f.s.impl.AuthenticationServiceImpl     : Google login for email: cangngoo123@gmail.com
2026-08-21 01:27:43.990  INFO --- [nio-8080-exec-4] c.fsocial.services.impl.JwtServiceImpl   : [JWT-DEBUG] accountId=01a0160a-c71d-7ae0-893d-5f259580e598, username=null, roleObj=com.fsocial.entity.Role@5760b417, roleName=USER, scopeClaim='USER'
2026-08-21 01:27:44.622  INFO --- [nio-8080-exec-4] com.fsocial.config.AppConfig             : [DEBUG-AUTH] principal=anonymousUser, authorities=[ROLE_ANONYMOUS]
2026-08-21 01:27:45.135  INFO --- [nio-8080-exec-5] com.fsocial.config.AppConfig             : Request URI: /api/v1/notification
2026-08-21 01:27:45.135  INFO --- [nio-8080-exec-8] com.fsocial.config.AppConfig             : Request URI: /api/v1/ws
2026-08-21 01:27:45.138  INFO --- [nio-8080-exec-8] com.fsocial.config.AppConfig             : [DEBUG-AUTH] principal=anonymousUser, authorities=[ROLE_ANONYMOUS]
2026-08-21 01:27:45.244  INFO --- [nio-8080-exec-9] com.fsocial.config.AppConfig             : Request URI: /api/v1/notification/un-read
2026-08-21 01:27:45.247  INFO --- [nio-8080-exec-6] com.fsocial.config.AppConfig             : Request URI: /api/v1/profile
2026-08-21 01:27:45.396  INFO --- [nio-8080-exec-9] com.fsocial.config.AppConfig             : [DEBUG-AUTH] principal=01a0160a-c71d-7ae0-893d-5f259580e598, authorities=[ROLE_USER]
2026-08-21 01:27:45.600  INFO --- [nio-8080-exec-5] com.fsocial.config.AppConfig             : [DEBUG-AUTH] principal=01a0160a-c71d-7ae0-893d-5f259580e598, authorities=[ROLE_USER]
2026-08-21 01:27:45.775  INFO --- [nio-8080-exec-6] com.fsocial.config.AppConfig             : [DEBUG-AUTH] principal=01a0160a-c71d-7ae0-893d-5f259580e598, authorities=[ROLE_USER]
2026-08-21 01:27:45.845  INFO --- [nio-8080-exec-7] com.fsocial.config.AppConfig             : Request URI: /api/v1/actions
2026-08-21 01:27:46.947  INFO --- [nio-8080-exec-7] c.fsocial.services.impl.PostServiceImpl  : Lấy bài viết thành công, count=2
2026-08-21 01:27:46.947  INFO --- [nio-8080-exec-7] com.fsocial.controller.PostController    : Lấy thông tin bài viết thành công
2026-08-21 01:27:46.949  INFO --- [nio-8080-exec-7] com.fsocial.config.AppConfig             : [DEBUG-AUTH] principal=01a0160a-c71d-7ae0-893d-5f259580e598, authorities=[ROLE_USER]
2026-08-21 01:27:47.055  INFO --- [nio-8080-exec-4] com.fsocial.config.AppConfig             : Request URI: /api/v1/actions
2026-08-21 01:27:48.152  INFO --- [nio-8080-exec-4] c.fsocial.services.impl.PostServiceImpl  : Lấy bài viết thành công, count=2
2026-08-21 01:27:48.153  INFO --- [nio-8080-exec-4] com.fsocial.controller.PostController    : Lấy thông tin bài viết thành công
2026-08-21 01:27:48.154  INFO --- [nio-8080-exec-4] com.fsocial.config.AppConfig             : [DEBUG-AUTH] principal=01a0160a-c71d-7ae0-893d-5f259580e598, authorities=[ROLE_USER]
2026-08-21 01:46:41.291  INFO --- [MessageBroker-1] o.s.w.s.c.WebSocketMessageBrokerStats    : WebSocketSession[1 current WS(1)-HttpStream(0)-HttpPoll(0), 4 total, 0 closed abnormally (0 connect failure, 0 send limit, 0 transport error)], stompSubProtocol[processed CONNECT(4)-CONNECTED(4)-DISCONNECT(1)], stompBrokerRelay[null], inboundChannel[pool size = 0, active threads = 0, queued tasks = 0, completed tasks = 117], outboundChannel[pool size = 0, active threads = 0, queued tasks = 0, completed tasks = 25], sockJsScheduler[pool size = 7, active threads = 1, queued tasks = 3, completed tasks = 3]
2026-08-21 02:00:00.001  INFO --- [MessageBroker-4] c.f.scheduler.InterestDecayScheduler     : Starting daily interest decay job
2026-08-21 02:00:00.076  INFO --- [MessageBroker-4] c.f.s.impl.InterestGraphServiceImpl      : Applying interest decay: factor=0.95, threshold=0.1
2026-08-21 02:00:00.334  INFO --- [MessageBroker-5] c.f.scheduler.HashtagSyncScheduler       : Hashtag catalog sync completed
2026-08-21 02:00:00.334  INFO --- [MessageBroker-4] c.f.s.impl.InterestGraphServiceImpl      : Interest decay complete: 0 rows decayed, 0 rows removed
2026-08-21 02:00:00.407  INFO --- [MessageBroker-4] c.f.scheduler.InterestDecayScheduler     : Daily interest decay job completed
2026-08-21 02:00:54.597  INFO --- [ntContainer#0-2] o.s.a.r.l.SimpleMessageListenerContainer : Waiting for workers to finish.
2026-08-21 02:00:54.695  INFO --- [ntContainer#1-2] o.s.a.r.l.SimpleMessageListenerContainer : Waiting for workers to finish.
2026-08-21 02:00:54.796  INFO --- [ntContainer#2-2] o.s.a.r.l.SimpleMessageListenerContainer : Waiting for workers to finish.
2026-08-21 02:00:54.804  INFO --- [ntContainer#1-2] o.s.a.r.l.SimpleMessageListenerContainer : Successfully waited for workers to finish.
2026-08-21 02:00:54.899  INFO --- [ntContainer#3-2] o.s.a.r.l.SimpleMessageListenerContainer : Waiting for workers to finish.
2026-08-21 02:00:54.899  INFO --- [ntContainer#3-2] o.s.a.r.l.SimpleMessageListenerContainer : Successfully waited for workers to finish.
2026-08-21 02:00:55.142  INFO --- [ntContainer#4-2] o.s.a.r.l.SimpleMessageListenerContainer : Waiting for workers to finish.
2026-08-21 02:00:55.286  INFO --- [ntContainer#4-2] o.s.a.r.l.SimpleMessageListenerContainer : Successfully waited for workers to finish.
2026-08-21 02:00:55.286  INFO --- [ntContainer#2-2] o.s.a.r.l.SimpleMessageListenerContainer : Successfully waited for workers to finish.
2026-08-21 02:00:55.290  INFO --- [ntContainer#0-2] o.s.a.r.l.SimpleMessageListenerContainer : Successfully waited for workers to finish.
2026-08-21 02:00:55.290  INFO --- [ionShutdownHook] o.s.b.w.e.tomcat.GracefulShutdown        : Commencing graceful shutdown. Waiting for active requests to complete
2026-08-21 02:00:55.293  INFO --- [tomcat-shutdown] o.s.b.w.e.tomcat.GracefulShutdown        : Graceful shutdown complete
2026-08-21 02:00:55.302  INFO --- [ionShutdownHook] o.s.m.s.b.SimpleBrokerMessageHandler     : Stopping...
2026-08-21 02:00:55.302  INFO --- [ionShutdownHook] o.s.m.s.b.SimpleBrokerMessageHandler     : BrokerAvailabilityEvent[available=false, SimpleBrokerMessageHandler [org.springframework.messaging.simp.broker.DefaultSubscriptionRegistry@301f05f2]]
2026-08-21 02:00:55.302  INFO --- [ionShutdownHook] o.s.m.s.b.SimpleBrokerMessageHandler     : Stopped.
2026-08-21 02:00:55.715  INFO --- [ionShutdownHook] j.LocalContainerEntityManagerFactoryBean : Closing JPA EntityManagerFactory for persistence unit 'default'
2026-08-21 02:00:55.717  INFO --- [ionShutdownHook] com.zaxxer.hikari.HikariDataSource       : HikariPool-2 - Shutdown initiated...
2026-08-21 02:00:56.477  INFO --- [ionShutdownHook] com.zaxxer.hikari.HikariDataSource       : HikariPool-2 - Shutdown completed.
